Alloy code, C, Si, Mn, P, S, Ni, Cr, Mo, Cu,V, Al, N,Ceq,Nb + Ta, Temperature (Â°C), 0.2% Proof Stress (MPa), Tensile Strength (MPa)
MBB,0.12,0.36,0.52,0.009,0.003,0.089,0.97,0.61,0.04,0,0.003,0.0066,0,0,27,342,490
MBB,0.12,0.36,0.52,0.009,0.003,0.089,0.97,0.61,0.04,0,0.003,0.0066,0,0,100,338,454
MBB,0.12,0.36,0.52,0.009,0.003,0.089,0.97,0.61,0.04,0,0.003,0.0066,0,0,200,337,465
MBB,0.12,0.36,0.52,0.009,0.003,0.089,0.97,0.61,0.04,0,0.003,0.0066,0,0,300,346,495
MBB,0.12,0.36,0.52,0.009,0.003,0.089,0.97,0.61,0.04,0,0.003,0.0066,0,0,400,316,489
MBB,0.12,0.36,0.52,0.009,0.003,0.089,0.97,0.61,0.04,0,0.003,0.0066,0,0,450,287,461
MBB,0.12,0.36,0.52,0.009,0.003,0.089,0.97,0.61,0.04,0,0.003,0.0066,0,0,500,274,431
MBB,0.12,0.36,0.52,0.009,0.003,0.089,0.97,0.61,0.04,0,0.003,0.0066,0,0,550,262,387
MBB,0.12,0.36,0.52,0.009,0.003,0.089,0.97,0.61,0.04,0,0.003,0.0066,0,0,600,220,314
MBB,0.12,0.36,0.52,0.009,0.003,0.089,0.97,0.61,0.04,0,0.003,0.0066,0,0,650,152,226
MBC,0.09,0.37,0.49,0.006,0.005,0.055,0.98,0.57,0.07,0,0.005,0.008,0,0,27,310,463
MBC,0.09,0.37,0.49,0.006,0.005,0.055,0.98,0.57,0.07,0,0.005,0.008,0,0,100,285,427
MBC,0.09,0.37,0.49,0.006,0.005,0.055,0.98,0.57,0.07,0,0.005,0.008,0,0,200,296,439
MBC,0.09,0.37,0.49,0.006,0.005,0.055,0.98,0.57,0.07,0,0.005,0.008,0,0,300,265,471
MBC,0.09,0.37,0.49,0.006,0.005,0.055,0.98,0.57,0.07,0,0.005,0.008,0,0,400,257,472
MBC,0.09,0.37,0.49,0.006,0.005,0.055,0.98,0.57,0.07,0,0.005,0.008,0,0,450,240,451
MBC,0.09,0.37,0.49,0.006,0.005,0.055,0.98,0.57,0.07,0,0.005,0.008,0,0,500,232,423
MBC,0.09,0.37,0.49,0.006,0.005,0.055,0.98,0.57,0.07,0,0.005,0.008,0,0,550,207,367
MBC,0.09,0.37,0.49,0.006,0.005,0.055,0.98,0.57,0.07,0,0.005,0.008,0,0,600,176,297
MBC,0.09,0.37,0.49,0.006,0.005,0.055,0.98,0.57,0.07,0,0.005,0.008,0,0,650,132,205
MBD,0.1,0.28,0.49,0.008,0.009,0.028,0.9,0.56,0.08,0,0.006,0.009,0,0,27,306,463
MBD,0.1,0.28,0.49,0.008,0.009,0.028,0.9,0.56,0.08,0,0.006,0.009,0,0,100,258,432
MBD,0.1,0.28,0.49,0.008,0.009,0.028,0.9,0.56,0.08,0,0.006,0.009,0,0,200,303,459
MBD,0.1,0.28,0.49,0.008,0.009,0.028,0.9,0.56,0.08,0,0.006,0.009,0,0,300,275,473
MBD,0.1,0.28,0.49,0.008,0.009,0.028,0.9,0.56,0.08,0,0.006,0.009,0,0,400,264,464
MBD,0.1,0.28,0.49,0.008,0.009,0.028,0.9,0.56,0.08,0,0.006,0.009,0,0,450,252,451
MBD,0.1,0.28,0.49,0.008,0.009,0.028,0.9,0.56,0.08,0,0.006,0.009,0,0,500,237,424
MBD,0.1,0.28,0.49,0.008,0.009,0.028,0.9,0.56,0.08,0,0.006,0.009,0,0,550,228,378
MBD,0.1,0.28,0.49,0.008,0.009,0.028,0.9,0.56,0.08,0,0.006,0.009,0,0,600,212,297
MBD,0.1,0.28,0.49,0.008,0.009,0.028,0.9,0.56,0.08,0,0.006,0.009,0,0,650,143,221
MBE,0.12,0.43,0.48,0.014,0.008,0.051,0.96,0.56,0.08,0,0.006,0.008,0,0,27,343,502
MBE,0.12,0.43,0.48,0.014,0.008,0.051,0.96,0.56,0.08,0,0.006,0.008,0,0,100,326,467
MBE,0.12,0.43,0.48,0.014,0.008,0.051,0.96,0.56,0.08,0,0.006,0.008,0,0,200,329,482
MBE,0.12,0.43,0.48,0.014,0.008,0.051,0.96,0.56,0.08,0,0.006,0.008,0,0,300,277,505
MBE,0.12,0.43,0.48,0.014,0.008,0.051,0.96,0.56,0.08,0,0.006,0.008,0,0,400,249,493
MBE,0.12,0.43,0.48,0.014,0.008,0.051,0.96,0.56,0.08,0,0.006,0.008,0,0,450,253,475
MBE,0.12,0.43,0.48,0.014,0.008,0.051,0.96,0.56,0.08,0,0.006,0.008,0,0,500,255,434
MBE,0.12,0.43,0.48,0.014,0.008,0.051,0.96,0.56,0.08,0,0.006,0.008,0,0,550,229,383
MBE,0.12,0.43,0.48,0.014,0.008,0.051,0.96,0.56,0.08,0,0.006,0.008,0,0,600,202,301
MBE,0.12,0.43,0.48,0.014,0.008,0.051,0.96,0.56,0.08,0,0.006,0.008,0,0,650,143,221
MBF,0.12,0.28,0.44,0.018,0.008,0.03,0.99,0.54,0.08,0,0.007,0.01,0,0,27,339,493
MBF,0.12,0.28,0.44,0.018,0.008,0.03,0.99,0.54,0.08,0,0.007,0.01,0,0,100,329,464
MBF,0.12,0.28,0.44,0.018,0.008,0.03,0.99,0.54,0.08,0,0.007,0.01,0,0,200,315,475
MBF,0.12,0.28,0.44,0.018,0.008,0.03,0.99,0.54,0.08,0,0.007,0.01,0,0,300,270,497
MBF,0.12,0.28,0.44,0.018,0.008,0.03,0.99,0.54,0.08,0,0.007,0.01,0,0,400,257,482
MBF,0.12,0.28,0.44,0.018,0.008,0.03,0.99,0.54,0.08,0,0.007,0.01,0,0,450,256,465
MBF,0.12,0.28,0.44,0.018,0.008,0.03,0.99,0.54,0.08,0,0.007,0.01,0,0,500,256,442
MBF,0.12,0.28,0.44,0.018,0.008,0.03,0.99,0.54,0.08,0,0.007,0.01,0,0,550,238,389
MBF,0.12,0.28,0.44,0.018,0.008,0.03,0.99,0.54,0.08,0,0.007,0.01,0,0,600,213,308
MBF,0.12,0.28,0.44,0.018,0.008,0.03,0.99,0.54,0.08,0,0.007,0.01,0,0,650,146,226
MBG,0.12,0.37,0.45,0.018,0.008,0.035,1,0.5,0.06,0,0.009,0.0088,0,0,27,251,456
MBG,0.12,0.37,0.45,0.018,0.008,0.035,1,0.5,0.06,0,0.009,0.0088,0,0,100,240,420
MBG,0.12,0.37,0.45,0.018,0.008,0.035,1,0.5,0.06,0,0.009,0.0088,0,0,200,261,449
MBG,0.12,0.37,0.45,0.018,0.008,0.035,1,0.5,0.06,0,0.009,0.0088,0,0,300,203,479
MBG,0.12,0.37,0.45,0.018,0.008,0.035,1,0.5,0.06,0,0.009,0.0088,0,0,400,192,482
MBG,0.12,0.37,0.45,0.018,0.008,0.035,1,0.5,0.06,0,0.009,0.0088,0,0,450,186,471
MBG,0.12,0.37,0.45,0.018,0.008,0.035,1,0.5,0.06,0,0.009,0.0088,0,0,500,192,435
MBG,0.12,0.37,0.45,0.018,0.008,0.035,1,0.5,0.06,0,0.009,0.0088,0,0,550,177,375
MBG,0.12,0.37,0.45,0.018,0.008,0.035,1,0.5,0.06,0,0.009,0.0088,0,0,600,170,304
MBG,0.12,0.37,0.45,0.018,0.008,0.035,1,0.5,0.06,0,0.009,0.0088,0,0,650,122,211
MBH,0.12,0.36,0.45,0.018,0.007,0.028,1,0.53,0.05,0,0.007,0.008,0,0,27,239,453
MBH,0.12,0.36,0.45,0.018,0.007,0.028,1,0.53,0.05,0,0.007,0.008,0,0,100,229,419
MBH,0.12,0.36,0.45,0.018,0.007,0.028,1,0.53,0.05,0,0.007,0.008,0,0,200,244,449
MBH,0.12,0.36,0.45,0.018,0.007,0.028,1,0.53,0.05,0,0.007,0.008,0,0,300,210,485
MBH,0.12,0.36,0.45,0.018,0.007,0.028,1,0.53,0.05,0,0.007,0.008,0,0,400,174,474
MBH,0.12,0.36,0.45,0.018,0.007,0.028,1,0.53,0.05,0,0.007,0.008,0,0,450,194,468
MBH,0.12,0.36,0.45,0.018,0.007,0.028,1,0.53,0.05,0,0.007,0.008,0,0,500,181,434
MBH,0.12,0.36,0.45,0.018,0.007,0.028,1,0.53,0.05,0,0.007,0.008,0,0,550,175,380
MBH,0.12,0.36,0.45,0.018,0.007,0.028,1,0.53,0.05,0,0.007,0.008,0,0,600,170,296
MBH,0.12,0.36,0.45,0.018,0.007,0.028,1,0.53,0.05,0,0.007,0.008,0,0,650,124,214
MBJ,0.1,0.35,0.44,0.02,0.007,0.05,1.01,0.51,0.08,0,0.012,0.0082,0,0,27,241,431
MBJ,0.1,0.35,0.44,0.02,0.007,0.05,1.01,0.51,0.08,0,0.012,0.0082,0,0,100,237,406
MBJ,0.1,0.35,0.44,0.02,0.007,0.05,1.01,0.51,0.08,0,0.012,0.0082,0,0,200,243,431
MBJ,0.1,0.35,0.44,0.02,0.007,0.05,1.01,0.51,0.08,0,0.012,0.0082,0,0,300,188,459
MBJ,0.1,0.35,0.44,0.02,0.007,0.05,1.01,0.51,0.08,0,0.012,0.0082,0,0,400,168,454
MBJ,0.1,0.35,0.44,0.02,0.007,0.05,1.01,0.51,0.08,0,0.012,0.0082,0,0,450,176,444
MBJ,0.1,0.35,0.44,0.02,0.007,0.05,1.01,0.51,0.08,0,0.012,0.0082,0,0,500,160,417
MBJ,0.1,0.35,0.44,0.02,0.007,0.05,1.01,0.51,0.08,0,0.012,0.0082,0,0,550,172,376
MBJ,0.1,0.35,0.44,0.02,0.007,0.05,1.01,0.51,0.08,0,0.012,0.0082,0,0,600,161,293
MBJ,0.1,0.35,0.44,0.02,0.007,0.05,1.01,0.51,0.08,0,0.012,0.0082,0,0,650,114,199
MBL,0.09,0.32,0.48,0.02,0.017,0.023,1.05,0.52,0.04,0,0.009,0.0089,0,0,27,313,464
MBL,0.09,0.32,0.48,0.02,0.017,0.023,1.05,0.52,0.04,0,0.009,0.0089,0,0,100,301,421
MBL,0.09,0.32,0.48,0.02,0.017,0.023,1.05,0.52,0.04,0,0.009,0.0089,0,0,200,324,459
MBL,0.09,0.32,0.48,0.02,0.017,0.023,1.05,0.52,0.04,0,0.009,0.0089,0,0,300,303,479
MBL,0.09,0.32,0.48,0.02,0.017,0.023,1.05,0.52,0.04,0,0.009,0.0089,0,0,400,279,482
MBL,0.09,0.32,0.48,0.02,0.017,0.023,1.05,0.52,0.04,0,0.009,0.0089,0,0,450,277,473
MBL,0.09,0.32,0.48,0.02,0.017,0.023,1.05,0.52,0.04,0,0.009,0.0089,0,0,500,262,449
MBL,0.09,0.32,0.48,0.02,0.017,0.023,1.05,0.52,0.04,0,0.009,0.0089,0,0,550,251,395
MBL,0.09,0.32,0.48,0.02,0.017,0.023,1.05,0.52,0.04,0,0.009,0.0089,0,0,600,220,317
MBL,0.09,0.32,0.48,0.02,0.017,0.023,1.05,0.52,0.04,0,0.009,0.0089,0,0,650,137,213
MBM,0.1,0.31,0.51,0.022,0.017,0.02,1.03,0.53,0.04,0,0.009,0.0076,0,0,27,291,462
MBM,0.1,0.31,0.51,0.022,0.017,0.02,1.03,0.53,0.04,0,0.009,0.0076,0,0,100,315,418
MBM,0.1,0.31,0.51,0.022,0.017,0.02,1.03,0.53,0.04,0,0.009,0.0076,0,0,200,316,457
MBM,0.1,0.31,0.51,0.022,0.017,0.02,1.03,0.53,0.04,0,0.009,0.0076,0,0,300,288,479
MBM,0.1,0.31,0.51,0.022,0.017,0.02,1.03,0.53,0.04,0,0.009,0.0076,0,0,400,270,482
MBM,0.1,0.31,0.51,0.022,0.017,0.02,1.03,0.53,0.04,0,0.009,0.0076,0,0,450,272,479
MBM,0.1,0.31,0.51,0.022,0.017,0.02,1.03,0.53,0.04,0,0.009,0.0076,0,0,500,256,441
MBM,0.1,0.31,0.51,0.022,0.017,0.02,1.03,0.53,0.04,0,0.009,0.0076,0,0,550,240,393
MBM,0.1,0.31,0.51,0.022,0.017,0.02,1.03,0.53,0.04,0,0.009,0.0076,0,0,600,218,299
MBM,0.1,0.31,0.51,0.022,0.017,0.02,1.03,0.53,0.04,0,0.009,0.0076,0,0,650,136,217
MBN,0.1,0.3,0.49,0.02,0.018,0.023,1.04,0.5,0.04,0,0.009,0.0089,0,0,27,312,452
MBN,0.1,0.3,0.49,0.02,0.018,0.023,1.04,0.5,0.04,0,0.009,0.0089,0,0,100,304,420
MBN,0.1,0.3,0.49,0.02,0.018,0.023,1.04,0.5,0.04,0,0.009,0.0089,0,0,200,311,454
MBN,0.1,0.3,0.49,0.02,0.018,0.023,1.04,0.5,0.04,0,0.009,0.0089,0,0,300,242,529
MBN,0.1,0.3,0.49,0.02,0.018,0.023,1.04,0.5,0.04,0,0.009,0.0089,0,0,400,291,483
MBN,0.1,0.3,0.49,0.02,0.018,0.023,1.04,0.5,0.04,0,0.009,0.0089,0,0,450,280,479
MBN,0.1,0.3,0.49,0.02,0.018,0.023,1.04,0.5,0.04,0,0.009,0.0089,0,0,500,260,448
MBN,0.1,0.3,0.49,0.02,0.018,0.023,1.04,0.5,0.04,0,0.009,0.0089,0,0,550,240,383
MBN,0.1,0.3,0.49,0.02,0.018,0.023,1.04,0.5,0.04,0,0.009,0.0089,0,0,600,215,304
MBN,0.1,0.3,0.49,0.02,0.018,0.023,1.04,0.5,0.04,0,0.009,0.0089,0,0,650,150,220
CAA,0.2,0.31,0.59,0.018,0.009,0,0.046,0.011,0.05,0,0.006,0.0056,0,0,27,280,480
CAA,0.2,0.31,0.59,0.018,0.009,0,0.046,0.011,0.05,0,0.006,0.0056,0,0,100,270,471
CAA,0.2,0.31,0.59,0.018,0.009,0,0.046,0.011,0.05,0,0.006,0.0056,0,0,200,272,591
CAA,0.2,0.31,0.59,0.018,0.009,0,0.046,0.011,0.05,0,0.006,0.0056,0,0,300,197,553
CAA,0.2,0.31,0.59,0.018,0.009,0,0.046,0.011,0.05,0,0.006,0.0056,0,0,350,185,509
CAA,0.2,0.31,0.59,0.018,0.009,0,0.046,0.011,0.05,0,0.006,0.0056,0,0,400,177,444
CAA,0.2,0.31,0.59,0.018,0.009,0,0.046,0.011,0.05,0,0.006,0.0056,0,0,450,176,373
CAA,0.2,0.31,0.59,0.018,0.009,0,0.046,0.011,0.05,0,0.006,0.0056,0,0,500,156,306
CAA,0.2,0.31,0.59,0.018,0.009,0,0.046,0.011,0.05,0,0.006,0.0056,0,0,550,131,234
CAB,0.2,0.28,0.6,0.018,0.008,0,0.045,0.01,0.05,0,0.005,0.0066,0,0,27,290,470
CAB,0.2,0.28,0.6,0.018,0.008,0,0.045,0.01,0.05,0,0.005,0.0066,0,0,100,278,456
CAB,0.2,0.28,0.6,0.018,0.008,0,0.045,0.01,0.05,0,0.005,0.0066,0,0,200,277,572
CAB,0.2,0.28,0.6,0.018,0.008,0,0.045,0.01,0.05,0,0.005,0.0066,0,0,300,187,540
CAB,0.2,0.28,0.6,0.018,0.008,0,0.045,0.01,0.05,0,0.005,0.0066,0,0,350,188,500
CAB,0.2,0.28,0.6,0.018,0.008,0,0.045,0.01,0.05,0,0.005,0.0066,0,0,400,166,431
CAB,0.2,0.28,0.6,0.018,0.008,0,0.045,0.01,0.05,0,0.005,0.0066,0,0,450,171,371
CAB,0.2,0.28,0.6,0.018,0.008,0,0.045,0.01,0.05,0,0.005,0.0066,0,0,500,152,302
CAB,0.2,0.28,0.6,0.018,0.008,0,0.045,0.01,0.05,0,0.005,0.0066,0,0,550,127,229
CAC,0.2,0.29,0.55,0.021,0.009,0,0.054,0.012,0.05,0,0.004,0.0058,0,0,27,285,470
CAC,0.2,0.29,0.55,0.021,0.009,0,0.054,0.012,0.05,0,0.004,0.0058,0,0,100,271,453
CAC,0.2,0.29,0.55,0.021,0.009,0,0.054,0.012,0.05,0,0.004,0.0058,0,0,200,267,564
CAC,0.2,0.29,0.55,0.021,0.009,0,0.054,0.012,0.05,0,0.004,0.0058,0,0,300,187,546
CAC,0.2,0.29,0.55,0.021,0.009,0,0.054,0.012,0.05,0,0.004,0.0058,0,0,350,184,485
CAC,0.2,0.29,0.55,0.021,0.009,0,0.054,0.012,0.05,0,0.004,0.0058,0,0,400,172,427
CAC,0.2,0.29,0.55,0.021,0.009,0,0.054,0.012,0.05,0,0.004,0.0058,0,0,450,179,372
CAC,0.2,0.29,0.55,0.021,0.009,0,0.054,0.012,0.05,0,0.004,0.0058,0,0,500,165,309
CAC,0.2,0.29,0.55,0.021,0.009,0,0.054,0.012,0.05,0,0.004,0.0058,0,0,550,135,237
CAG,0.21,0.21,0.62,0.014,0.014,0,0.046,0.019,0.05,0,0.008,0.003,0,0,27,315,500
CAG,0.21,0.21,0.62,0.014,0.014,0,0.046,0.019,0.05,0,0.008,0.003,0,0,100,276,456
CAG,0.21,0.21,0.62,0.014,0.014,0,0.046,0.019,0.05,0,0.008,0.003,0,0,200,280,540
CAG,0.21,0.21,0.62,0.014,0.014,0,0.046,0.019,0.05,0,0.008,0.003,0,0,300,202,534
CAG,0.21,0.21,0.62,0.014,0.014,0,0.046,0.019,0.05,0,0.008,0.003,0,0,350,197,495
CAG,0.21,0.21,0.62,0.014,0.014,0,0.046,0.019,0.05,0,0.008,0.003,0,0,400,198,443
CAG,0.21,0.21,0.62,0.014,0.014,0,0.046,0.019,0.05,0,0.008,0.003,0,0,450,172,379
CAG,0.21,0.21,0.62,0.014,0.014,0,0.046,0.019,0.05,0,0.008,0.003,0,0,500,173,319
CAG,0.21,0.21,0.62,0.014,0.014,0,0.046,0.019,0.05,0,0.008,0.003,0,0,550,139,254
CAH,0.24,0.24,0.64,0.015,0.013,0,0.074,0.019,0.05,0,0.011,0.006,0,0,27,300,480
CAH,0.24,0.24,0.64,0.015,0.013,0,0.074,0.019,0.05,0,0.011,0.006,0,0,100,291,471
CAH,0.24,0.24,0.64,0.015,0.013,0,0.074,0.019,0.05,0,0.011,0.006,0,0,200,293,534
CAH,0.24,0.24,0.64,0.015,0.013,0,0.074,0.019,0.05,0,0.011,0.006,0,0,300,231,552
CAH,0.24,0.24,0.64,0.015,0.013,0,0.074,0.019,0.05,0,0.011,0.006,0,0,350,231,506
CAH,0.24,0.24,0.64,0.015,0.013,0,0.074,0.019,0.05,0,0.011,0.006,0,0,400,230,467
CAH,0.24,0.24,0.64,0.015,0.013,0,0.074,0.019,0.05,0,0.011,0.006,0,0,450,206,386
CAH,0.24,0.24,0.64,0.015,0.013,0,0.074,0.019,0.05,0,0.011,0.006,0,0,500,199,335
CAH,0.24,0.24,0.64,0.015,0.013,0,0.074,0.019,0.05,0,0.011,0.006,0,0,550,149,258
CAJ,0.2,0.2,0.47,0.007,0.009,0,0.056,0.01,0.07,0,0.005,0.011,0,0,27,290,480
CAJ,0.2,0.2,0.47,0.007,0.009,0,0.056,0.01,0.07,0,0.005,0.011,0,0,100,297,510
CAJ,0.2,0.2,0.47,0.007,0.009,0,0.056,0.01,0.07,0,0.005,0.011,0,0,200,291,650
CAJ,0.2,0.2,0.47,0.007,0.009,0,0.056,0.01,0.07,0,0.005,0.011,0,0,300,189,572
CAJ,0.2,0.2,0.47,0.007,0.009,0,0.056,0.01,0.07,0,0.005,0.011,0,0,350,187,497
CAJ,0.2,0.2,0.47,0.007,0.009,0,0.056,0.01,0.07,0,0.005,0.011,0,0,400,193,426
CAJ,0.2,0.2,0.47,0.007,0.009,0,0.056,0.01,0.07,0,0.005,0.011,0,0,450,181,368
CAJ,0.2,0.2,0.47,0.007,0.009,0,0.056,0.01,0.07,0,0.005,0.011,0,0,500,164,273
CAJ,0.2,0.2,0.47,0.007,0.009,0,0.056,0.01,0.07,0,0.005,0.011,0,0,550,114,231
CAL,0.21,0.32,0.48,0.02,0.018,0,0.017,0.006,0.08,0,0.004,0.0044,0,0,27,275,460
CAL,0.21,0.32,0.48,0.02,0.018,0,0.017,0.006,0.08,0,0.004,0.0044,0,0,100,260,439
CAL,0.21,0.32,0.48,0.02,0.018,0,0.017,0.006,0.08,0,0.004,0.0044,0,0,200,260,519
CAL,0.21,0.32,0.48,0.02,0.018,0,0.017,0.006,0.08,0,0.004,0.0044,0,0,300,197,512
CAL,0.21,0.32,0.48,0.02,0.018,0,0.017,0.006,0.08,0,0.004,0.0044,0,0,350,188,469
CAL,0.21,0.32,0.48,0.02,0.018,0,0.017,0.006,0.08,0,0.004,0.0044,0,0,400,190,404
CAL,0.21,0.32,0.48,0.02,0.018,0,0.017,0.006,0.08,0,0.004,0.0044,0,0,450,187,356
CAL,0.21,0.32,0.48,0.02,0.018,0,0.017,0.006,0.08,0,0.004,0.0044,0,0,500,154,275
CAL,0.21,0.32,0.48,0.02,0.018,0,0.017,0.006,0.08,0,0.004,0.0044,0,0,550,137,227
CAM,0.2,0.31,0.5,0.022,0.017,0,0.017,0.006,0.09,0,0.004,0.0037,0,0,27,270,460
CAM,0.2,0.31,0.5,0.022,0.017,0,0.017,0.006,0.09,0,0.004,0.0037,0,0,100,244,434
CAM,0.2,0.31,0.5,0.022,0.017,0,0.017,0.006,0.09,0,0.004,0.0037,0,0,200,240,517
CAM,0.2,0.31,0.5,0.022,0.017,0,0.017,0.006,0.09,0,0.004,0.0037,0,0,300,202,509
CAM,0.2,0.31,0.5,0.022,0.017,0,0.017,0.006,0.09,0,0.004,0.0037,0,0,350,195,472
CAM,0.2,0.31,0.5,0.022,0.017,0,0.017,0.006,0.09,0,0.004,0.0037,0,0,400,197,413
CAM,0.2,0.31,0.5,0.022,0.017,0,0.017,0.006,0.09,0,0.004,0.0037,0,0,450,178,349
CAM,0.2,0.31,0.5,0.022,0.017,0,0.017,0.006,0.09,0,0.004,0.0037,0,0,500,160,276
CAM,0.2,0.31,0.5,0.022,0.017,0,0.017,0.006,0.09,0,0.004,0.0037,0,0,550,137,209
CAN,0.23,0.32,0.53,0.023,0.016,0,0.022,0.005,0.07,0,0.005,0.0051,0,0,27,285,470
CAN,0.23,0.32,0.53,0.023,0.016,0,0.022,0.005,0.07,0,0.005,0.0051,0,0,100,267,446
CAN,0.23,0.32,0.53,0.023,0.016,0,0.022,0.005,0.07,0,0.005,0.0051,0,0,200,251,502
CAN,0.23,0.32,0.53,0.023,0.016,0,0.022,0.005,0.07,0,0.005,0.0051,0,0,300,183,561
CAN,0.23,0.32,0.53,0.023,0.016,0,0.022,0.005,0.07,0,0.005,0.0051,0,0,350,190,471
CAN,0.23,0.32,0.53,0.023,0.016,0,0.022,0.005,0.07,0,0.005,0.0051,0,0,400,200,417
CAN,0.23,0.32,0.53,0.023,0.016,0,0.022,0.005,0.07,0,0.005,0.0051,0,0,450,202,343
CAN,0.23,0.32,0.53,0.023,0.016,0,0.022,0.005,0.07,0,0.005,0.0051,0,0,500,171,286
CAN,0.23,0.32,0.53,0.023,0.016,0,0.022,0.005,0.07,0,0.005,0.0051,0,0,550,125,219
LAA,0.11,0.3,0.48,0.012,0.01,0,0,0.51,0,0,0.005,0.0078,0,0,27,265,450
LAA,0.11,0.3,0.48,0.012,0.01,0,0,0.51,0,0,0.005,0.0078,0,0,100,260,442
LAA,0.11,0.3,0.48,0.012,0.01,0,0,0.51,0,0,0.005,0.0078,0,0,200,247,566
LAA,0.11,0.3,0.48,0.012,0.01,0,0,0.51,0,0,0.005,0.0078,0,0,300,198,560
LAA,0.11,0.3,0.48,0.012,0.01,0,0,0.51,0,0,0.005,0.0078,0,0,400,195,493
LAA,0.11,0.3,0.48,0.012,0.01,0,0,0.51,0,0,0.005,0.0078,0,0,450,181,447
LAA,0.11,0.3,0.48,0.012,0.01,0,0,0.51,0,0,0.005,0.0078,0,0,500,186,406
LAA,0.11,0.3,0.48,0.012,0.01,0,0,0.51,0,0,0.005,0.0078,0,0,550,183,363
LAA,0.11,0.3,0.48,0.012,0.01,0,0,0.51,0,0,0.005,0.0078,0,0,600,174,281
LAB,0.12,0.25,0.5,0.012,0.01,0,0,0.5,0,0,0.005,0.0068,0,0,27,270,460
LAB,0.12,0.25,0.5,0.012,0.01,0,0,0.5,0,0,0.005,0.0068,0,0,100,260,450
LAB,0.12,0.25,0.5,0.012,0.01,0,0,0.5,0,0,0.005,0.0068,0,0,200,260,575
LAB,0.12,0.25,0.5,0.012,0.01,0,0,0.5,0,0,0.005,0.0068,0,0,300,185,574
LAB,0.12,0.25,0.5,0.012,0.01,0,0,0.5,0,0,0.005,0.0068,0,0,400,204,484
LAB,0.12,0.25,0.5,0.012,0.01,0,0,0.5,0,0,0.005,0.0068,0,0,450,222,438
LAB,0.12,0.25,0.5,0.012,0.01,0,0,0.5,0,0,0.005,0.0068,0,0,500,210,400
LAB,0.12,0.25,0.5,0.012,0.01,0,0,0.5,0,0,0.005,0.0068,0,0,550,185,349
LAB,0.12,0.25,0.5,0.012,0.01,0,0,0.5,0,0,0.005,0.0068,0,0,600,163,272
LAC,0.13,0.31,0.48,0.006,0.007,0,0,0.49,0,0,0.005,0.006,0,0,27,260,450
LAC,0.13,0.31,0.48,0.006,0.007,0,0,0.49,0,0,0.005,0.006,0,0,100,248,439
LAC,0.13,0.31,0.48,0.006,0.007,0,0,0.49,0,0,0.005,0.006,0,0,200,254,559
LAC,0.13,0.31,0.48,0.006,0.007,0,0,0.49,0,0,0.005,0.006,0,0,300,177,571
LAC,0.13,0.31,0.48,0.006,0.007,0,0,0.49,0,0,0.005,0.006,0,0,400,173,488
LAC,0.13,0.31,0.48,0.006,0.007,0,0,0.49,0,0,0.005,0.006,0,0,450,189,451
LAC,0.13,0.31,0.48,0.006,0.007,0,0,0.49,0,0,0.005,0.006,0,0,500,194,420
LAC,0.13,0.31,0.48,0.006,0.007,0,0,0.49,0,0,0.005,0.006,0,0,550,193,353
LAC,0.13,0.31,0.48,0.006,0.007,0,0,0.49,0,0,0.005,0.006,0,0,600,174,291
LAD,0.15,0.22,0.43,0.011,0.022,0.01,0.02,0.5,0.03,0,0.004,0.004,0,0,27,280,430
LAD,0.15,0.22,0.43,0.011,0.022,0.01,0.02,0.5,0.03,0,0.004,0.004,0,0,100,260,417
LAD,0.15,0.22,0.43,0.011,0.022,0.01,0.02,0.5,0.03,0,0.004,0.004,0,0,200,273,533
LAD,0.15,0.22,0.43,0.011,0.022,0.01,0.02,0.5,0.03,0,0.004,0.004,0,0,300,178,524
LAD,0.15,0.22,0.43,0.011,0.022,0.01,0.02,0.5,0.03,0,0.004,0.004,0,0,400,181,428
LAD,0.15,0.22,0.43,0.011,0.022,0.01,0.02,0.5,0.03,0,0.004,0.004,0,0,450,175,394
LAD,0.15,0.22,0.43,0.011,0.022,0.01,0.02,0.5,0.03,0,0.004,0.004,0,0,500,180,350
LAD,0.15,0.22,0.43,0.011,0.022,0.01,0.02,0.5,0.03,0,0.004,0.004,0,0,550,179,315
LAD,0.15,0.22,0.43,0.011,0.022,0.01,0.02,0.5,0.03,0,0.004,0.004,0,0,600,140,250
LAE,0.14,0.22,0.46,0.012,0.012,0.01,0.03,0.5,0.03,0,0.006,0.006,0,0,27,280,440
LAE,0.14,0.22,0.46,0.012,0.012,0.01,0.03,0.5,0.03,0,0.006,0.006,0,0,100,274,423
LAE,0.14,0.22,0.46,0.012,0.012,0.01,0.03,0.5,0.03,0,0.006,0.006,0,0,200,274,530
LAE,0.14,0.22,0.46,0.012,0.012,0.01,0.03,0.5,0.03,0,0.006,0.006,0,0,300,218,530
LAE,0.14,0.22,0.46,0.012,0.012,0.01,0.03,0.5,0.03,0,0.006,0.006,0,0,400,262,442
LAE,0.14,0.22,0.46,0.012,0.012,0.01,0.03,0.5,0.03,0,0.006,0.006,0,0,450,200,393
LAE,0.14,0.22,0.46,0.012,0.012,0.01,0.03,0.5,0.03,0,0.006,0.006,0,0,500,200,354
LAE,0.14,0.22,0.46,0.012,0.012,0.01,0.03,0.5,0.03,0,0.006,0.006,0,0,550,213,311
LAE,0.14,0.22,0.46,0.012,0.012,0.01,0.03,0.5,0.03,0,0.006,0.006,0,0,600,156,266
LAF,0.15,0.25,0.58,0.008,0.01,0.05,0.11,0.52,0.04,0,0.007,0.011,0,0,27,290,450
LAF,0.15,0.25,0.58,0.008,0.01,0.05,0.11,0.52,0.04,0,0.007,0.011,0,0,100,267,414
LAF,0.15,0.25,0.58,0.008,0.01,0.05,0.11,0.52,0.04,0,0.007,0.011,0,0,200,260,463
LAF,0.15,0.25,0.58,0.008,0.01,0.05,0.11,0.52,0.04,0,0.007,0.011,0,0,300,203,487
LAF,0.15,0.25,0.58,0.008,0.01,0.05,0.11,0.52,0.04,0,0.007,0.011,0,0,400,182,438
LAF,0.15,0.25,0.58,0.008,0.01,0.05,0.11,0.52,0.04,0,0.007,0.011,0,0,450,192,418
LAF,0.15,0.25,0.58,0.008,0.01,0.05,0.11,0.52,0.04,0,0.007,0.011,0,0,500,167,372
LAF,0.15,0.25,0.58,0.008,0.01,0.05,0.11,0.52,0.04,0,0.007,0.011,0,0,550,175,313
LAF,0.15,0.25,0.58,0.008,0.01,0.05,0.11,0.52,0.04,0,0.007,0.011,0,0,600,146,253
LAG,0.2,0.28,0.59,0.012,0.01,0.02,0.02,0.54,0.07,0,0.003,0.0054,0,0,27,310,460
LAG,0.2,0.28,0.59,0.012,0.01,0.02,0.02,0.54,0.07,0,0.003,0.0054,0,0,100,308,445
LAG,0.2,0.28,0.59,0.012,0.01,0.02,0.02,0.54,0.07,0,0.003,0.0054,0,0,200,317,556
LAG,0.2,0.28,0.59,0.012,0.01,0.02,0.02,0.54,0.07,0,0.003,0.0054,0,0,300,278,557
LAG,0.2,0.28,0.59,0.012,0.01,0.02,0.02,0.54,0.07,0,0.003,0.0054,0,0,400,252,456
LAG,0.2,0.28,0.59,0.012,0.01,0.02,0.02,0.54,0.07,0,0.003,0.0054,0,0,450,249,416
LAG,0.2,0.28,0.59,0.012,0.01,0.02,0.02,0.54,0.07,0,0.003,0.0054,0,0,500,237,374
LAG,0.2,0.28,0.59,0.012,0.01,0.02,0.02,0.54,0.07,0,0.003,0.0054,0,0,550,237,321
LAG,0.2,0.28,0.59,0.012,0.01,0.02,0.02,0.54,0.07,0,0.003,0.0054,0,0,600,175,258
LAH,0.17,0.3,0.63,0.012,0.012,0.04,0.09,0.52,0.1,0,0.003,0.007,0,0,27,320,480
LAH,0.17,0.3,0.63,0.012,0.012,0.04,0.09,0.52,0.1,0,0.003,0.007,0,0,100,304,469
LAH,0.17,0.3,0.63,0.012,0.012,0.04,0.09,0.52,0.1,0,0.003,0.007,0,0,200,310,592
LAH,0.17,0.3,0.63,0.012,0.012,0.04,0.09,0.52,0.1,0,0.003,0.007,0,0,300,275,596
LAH,0.17,0.3,0.63,0.012,0.012,0.04,0.09,0.52,0.1,0,0.003,0.007,0,0,400,238,487
LAH,0.17,0.3,0.63,0.012,0.012,0.04,0.09,0.52,0.1,0,0.003,0.007,0,0,450,249,437
LAH,0.17,0.3,0.63,0.012,0.012,0.04,0.09,0.52,0.1,0,0.003,0.007,0,0,500,248,385
LAH,0.17,0.3,0.63,0.012,0.012,0.04,0.09,0.52,0.1,0,0.003,0.007,0,0,550,219,330
LAH,0.17,0.3,0.63,0.012,0.012,0.04,0.09,0.52,0.1,0,0.003,0.007,0,0,600,177,268
LAJ,0.13,0.23,0.66,0.01,0.01,0.08,0.06,0.51,0.13,0,0.004,0.0057,0,0,27,300,440
LAJ,0.13,0.23,0.66,0.01,0.01,0.08,0.06,0.51,0.13,0,0.004,0.0057,0,0,100,408,512
LAJ,0.13,0.23,0.66,0.01,0.01,0.08,0.06,0.51,0.13,0,0.004,0.0057,0,0,200,314,546
LAJ,0.13,0.23,0.66,0.01,0.01,0.08,0.06,0.51,0.13,0,0.004,0.0057,0,0,300,263,541
LAJ,0.13,0.23,0.66,0.01,0.01,0.08,0.06,0.51,0.13,0,0.004,0.0057,0,0,400,237,441
LAJ,0.13,0.23,0.66,0.01,0.01,0.08,0.06,0.51,0.13,0,0.004,0.0057,0,0,450,261,407
LAJ,0.13,0.23,0.66,0.01,0.01,0.08,0.06,0.51,0.13,0,0.004,0.0057,0,0,500,250,365
LAJ,0.13,0.23,0.66,0.01,0.01,0.08,0.06,0.51,0.13,0,0.004,0.0057,0,0,550,215,317
LAJ,0.13,0.23,0.66,0.01,0.01,0.08,0.06,0.51,0.13,0,0.004,0.0057,0,0,600,188,256
LAL,0.14,0.39,0.63,0.008,0.005,0,0,0.58,0.03,0,0.004,0.006,0,0,27,420,530
LAL,0.14,0.39,0.63,0.008,0.005,0,0,0.58,0.03,0,0.004,0.006,0,0,100,324,437
LAL,0.14,0.39,0.63,0.008,0.005,0,0,0.58,0.03,0,0.004,0.006,0,0,200,412,616
LAL,0.14,0.39,0.63,0.008,0.005,0,0,0.58,0.03,0,0.004,0.006,0,0,300,364,624
LAL,0.14,0.39,0.63,0.008,0.005,0,0,0.58,0.03,0,0.004,0.006,0,0,400,367,532
LAL,0.14,0.39,0.63,0.008,0.005,0,0,0.58,0.03,0,0.004,0.006,0,0,450,320,478
LAL,0.14,0.39,0.63,0.008,0.005,0,0,0.58,0.03,0,0.004,0.006,0,0,500,306,420
LAL,0.14,0.39,0.63,0.008,0.005,0,0,0.58,0.03,0,0.004,0.006,0,0,550,276,364
LAL,0.14,0.39,0.63,0.008,0.005,0,0,0.58,0.03,0,0.004,0.006,0,0,600,243,304
LAM,0.14,0.4,0.67,0.007,0.004,0,0,0.6,0.03,0,0.004,0.007,0,0,27,395,520
LAM,0.14,0.4,0.67,0.007,0.004,0,0,0.6,0.03,0,0.004,0.007,0,0,100,380,506
LAM,0.14,0.4,0.67,0.007,0.004,0,0,0.6,0.03,0,0.004,0.007,0,0,200,391,609
LAM,0.14,0.4,0.67,0.007,0.004,0,0,0.6,0.03,0,0.004,0.007,0,0,300,378,614
LAM,0.14,0.4,0.67,0.007,0.004,0,0,0.6,0.03,0,0.004,0.007,0,0,400,330,519
LAM,0.14,0.4,0.67,0.007,0.004,0,0,0.6,0.03,0,0.004,0.007,0,0,450,328,477
LAM,0.14,0.4,0.67,0.007,0.004,0,0,0.6,0.03,0,0.004,0.007,0,0,500,292,422
LAM,0.14,0.4,0.67,0.007,0.004,0,0,0.6,0.03,0,0.004,0.007,0,0,550,268,369
LAM,0.14,0.4,0.67,0.007,0.004,0,0,0.6,0.03,0,0.004,0.007,0,0,600,235,303
LAN,0.14,0.39,0.64,0.006,0.005,0,0,0.58,0.03,0,0.005,0.008,0,0,27,380,520
LAN,0.14,0.39,0.64,0.006,0.005,0,0,0.58,0.03,0,0.005,0.008,0,0,100,371,505
LAN,0.14,0.39,0.64,0.006,0.005,0,0,0.58,0.03,0,0.005,0.008,0,0,200,367,606
LAN,0.14,0.39,0.64,0.006,0.005,0,0,0.58,0.03,0,0.005,0.008,0,0,300,330,610
LAN,0.14,0.39,0.64,0.006,0.005,0,0,0.58,0.03,0,0.005,0.008,0,0,400,323,517
LAN,0.14,0.39,0.64,0.006,0.005,0,0,0.58,0.03,0,0.005,0.008,0,0,450,323,467
LAN,0.14,0.39,0.64,0.006,0.005,0,0,0.58,0.03,0,0.005,0.008,0,0,500,276,417
LAN,0.14,0.39,0.64,0.006,0.005,0,0,0.58,0.03,0,0.005,0.008,0,0,550,261,365
LAN,0.14,0.39,0.64,0.006,0.005,0,0,0.58,0.03,0,0.005,0.008,0,0,600,217,291
CaC,0.28,0.3,0.7,0.022,0.011,0.14,0.07,0.02,0.22,0,0.004,0.0097,0,0,27,300,520
CaC,0.28,0.3,0.7,0.022,0.011,0.14,0.07,0.02,0.22,0,0.004,0.0097,0,0,100,284,484
CaC,0.28,0.3,0.7,0.022,0.011,0.14,0.07,0.02,0.22,0,0.004,0.0097,0,0,200,228,449
CaC,0.28,0.3,0.7,0.022,0.011,0.14,0.07,0.02,0.22,0,0.004,0.0097,0,0,300,223,483
CaC,0.28,0.3,0.7,0.022,0.011,0.14,0.07,0.02,0.22,0,0.004,0.0097,0,0,350,214,475
CaC,0.28,0.3,0.7,0.022,0.011,0.14,0.07,0.02,0.22,0,0.004,0.0097,0,0,400,199,432
CaC,0.28,0.3,0.7,0.022,0.011,0.14,0.07,0.02,0.22,0,0.004,0.0097,0,0,450,172,372
CaC,0.28,0.3,0.7,0.022,0.011,0.14,0.07,0.02,0.22,0,0.004,0.0097,0,0,500,165,314
CaC,0.28,0.3,0.7,0.022,0.011,0.14,0.07,0.02,0.22,0,0.004,0.0097,0,0,550,153,253
CaD,0.2,0.22,0.68,0.024,0.009,0.15,0.11,0.03,0.23,0,0.01,0.0077,0,0,27,275,490
CaD,0.2,0.22,0.68,0.024,0.009,0.15,0.11,0.03,0.23,0,0.01,0.0077,0,0,100,258,449
CaD,0.2,0.22,0.68,0.024,0.009,0.15,0.11,0.03,0.23,0,0.01,0.0077,0,0,200,243,439
CaD,0.2,0.22,0.68,0.024,0.009,0.15,0.11,0.03,0.23,0,0.01,0.0077,0,0,300,201,454
CaD,0.2,0.22,0.68,0.024,0.009,0.15,0.11,0.03,0.23,0,0.01,0.0077,0,0,350,194,454
CaD,0.2,0.22,0.68,0.024,0.009,0.15,0.11,0.03,0.23,0,0.01,0.0077,0,0,400,186,418
CaD,0.2,0.22,0.68,0.024,0.009,0.15,0.11,0.03,0.23,0,0.01,0.0077,0,0,450,183,368
CaD,0.2,0.22,0.68,0.024,0.009,0.15,0.11,0.03,0.23,0,0.01,0.0077,0,0,500,152,306
CaD,0.2,0.22,0.68,0.024,0.009,0.15,0.11,0.03,0.23,0,0.01,0.0077,0,0,550,149,249
CaE,0.34,0.22,0.7,0.016,0.012,0.14,0.1,0.03,0.2,0,0.002,0.0107,0,0,27,290,500
CaE,0.34,0.22,0.7,0.016,0.012,0.14,0.1,0.03,0.2,0,0.002,0.0107,0,0,100,266,454
CaE,0.34,0.22,0.7,0.016,0.012,0.14,0.1,0.03,0.2,0,0.002,0.0107,0,0,200,224,447
CaE,0.34,0.22,0.7,0.016,0.012,0.14,0.1,0.03,0.2,0,0.002,0.0107,0,0,300,194,458
CaE,0.34,0.22,0.7,0.016,0.012,0.14,0.1,0.03,0.2,0,0.002,0.0107,0,0,350,198,460
CaE,0.34,0.22,0.7,0.016,0.012,0.14,0.1,0.03,0.2,0,0.002,0.0107,0,0,400,194,422
CaE,0.34,0.22,0.7,0.016,0.012,0.14,0.1,0.03,0.2,0,0.002,0.0107,0,0,450,179,368
CaE,0.34,0.22,0.7,0.016,0.012,0.14,0.1,0.03,0.2,0,0.002,0.0107,0,0,500,163,310
CaE,0.34,0.22,0.7,0.016,0.012,0.14,0.1,0.03,0.2,0,0.002,0.0107,0,0,550,164,283
CaF,0.28,0.19,0.8,0.01,0.012,0,0.06,0.22,0.04,0,0.016,0.0073,0,0,27,275,490
CaF,0.28,0.19,0.8,0.01,0.012,0,0.06,0.22,0.04,0,0.016,0.0073,0,0,100,258,445
CaF,0.28,0.19,0.8,0.01,0.012,0,0.06,0.22,0.04,0,0.016,0.0073,0,0,200,228,440
CaF,0.28,0.19,0.8,0.01,0.012,0,0.06,0.22,0.04,0,0.016,0.0073,0,0,300,186,457
CaF,0.28,0.19,0.8,0.01,0.012,0,0.06,0.22,0.04,0,0.016,0.0073,0,0,350,179,457
CaF,0.28,0.19,0.8,0.01,0.012,0,0.06,0.22,0.04,0,0.016,0.0073,0,0,400,183,425
CaF,0.28,0.19,0.8,0.01,0.012,0,0.06,0.22,0.04,0,0.016,0.0073,0,0,450,183,382
CaF,0.28,0.19,0.8,0.01,0.012,0,0.06,0.22,0.04,0,0.016,0.0073,0,0,500,168,338
CaF,0.28,0.19,0.8,0.01,0.012,0,0.06,0.22,0.04,0,0.016,0.0073,0,0,550,149,256
CaG,0.29,0.2,0.93,0.014,0.015,0.03,0.03,0.36,0.06,0,0.018,0.0045,0,0,27,310,530
CaG,0.29,0.2,0.93,0.014,0.015,0.03,0.03,0.36,0.06,0,0.018,0.0045,0,0,100,300,498
CaG,0.29,0.2,0.93,0.014,0.015,0.03,0.03,0.36,0.06,0,0.018,0.0045,0,0,200,254,486
CaG,0.29,0.2,0.93,0.014,0.015,0.03,0.03,0.36,0.06,0,0.018,0.0045,0,0,300,235,522
CaG,0.29,0.2,0.93,0.014,0.015,0.03,0.03,0.36,0.06,0,0.018,0.0045,0,0,350,221,514
CaG,0.29,0.2,0.93,0.014,0.015,0.03,0.03,0.36,0.06,0,0.018,0.0045,0,0,400,213,480
CaG,0.29,0.2,0.93,0.014,0.015,0.03,0.03,0.36,0.06,0,0.018,0.0045,0,0,450,226,434
CaG,0.29,0.2,0.93,0.014,0.015,0.03,0.03,0.36,0.06,0,0.018,0.0045,0,0,500,213,380
CaG,0.29,0.2,0.93,0.014,0.015,0.03,0.03,0.36,0.06,0,0.018,0.0045,0,0,550,198,322
CaH,0.29,0.22,1,0.016,0.011,0.05,0.07,0.34,0.05,0,0.011,0.0035,0,0,27,305,530
CaH,0.29,0.22,1,0.016,0.011,0.05,0.07,0.34,0.05,0,0.011,0.0035,0,0,100,270,487
CaH,0.29,0.22,1,0.016,0.011,0.05,0.07,0.34,0.05,0,0.011,0.0035,0,0,200,259,478
CaH,0.29,0.22,1,0.016,0.011,0.05,0.07,0.34,0.05,0,0.011,0.0035,0,0,300,226,518
CaH,0.29,0.22,1,0.016,0.011,0.05,0.07,0.34,0.05,0,0.011,0.0035,0,0,350,214,503
CaH,0.29,0.22,1,0.016,0.011,0.05,0.07,0.34,0.05,0,0.011,0.0035,0,0,400,213,477
CaH,0.29,0.22,1,0.016,0.011,0.05,0.07,0.34,0.05,0,0.011,0.0035,0,0,450,202,424
CaH,0.29,0.22,1,0.016,0.011,0.05,0.07,0.34,0.05,0,0.011,0.0035,0,0,500,202,381
CaH,0.29,0.22,1,0.016,0.011,0.05,0.07,0.34,0.05,0,0.011,0.0035,0,0,550,194,315
CaM,0.22,0.22,0.82,0.015,0.006,0.05,0.06,0.18,0.08,0,0.005,0.0082,0,0,27,295,470
CaM,0.22,0.22,0.82,0.015,0.006,0.05,0.06,0.18,0.08,0,0.005,0.0082,0,0,100,289,443
CaM,0.22,0.22,0.82,0.015,0.006,0.05,0.06,0.18,0.08,0,0.005,0.0082,0,0,200,274,450
CaM,0.22,0.22,0.82,0.015,0.006,0.05,0.06,0.18,0.08,0,0.005,0.0082,0,0,300,223,468
CaM,0.22,0.22,0.82,0.015,0.006,0.05,0.06,0.18,0.08,0,0.005,0.0082,0,0,350,207,464
CaM,0.22,0.22,0.82,0.015,0.006,0.05,0.06,0.18,0.08,0,0.005,0.0082,0,0,400,194,408
CaM,0.22,0.22,0.82,0.015,0.006,0.05,0.06,0.18,0.08,0,0.005,0.0082,0,0,450,198,388
CaM,0.22,0.22,0.82,0.015,0.006,0.05,0.06,0.18,0.08,0,0.005,0.0082,0,0,500,186,330
CaM,0.22,0.22,0.82,0.015,0.006,0.05,0.06,0.18,0.08,0,0.005,0.0082,0,0,550,172,273
CaN,0.26,0.23,0.74,0.016,0.006,0.05,0.04,0.15,0.07,0,0.007,0.0108,0,0,27,270,480
CaN,0.26,0.23,0.74,0.016,0.006,0.05,0.04,0.15,0.07,0,0.007,0.0108,0,0,100,262,471
CaN,0.26,0.23,0.74,0.016,0.006,0.05,0.04,0.15,0.07,0,0.007,0.0108,0,0,200,224,431
CaN,0.26,0.23,0.74,0.016,0.006,0.05,0.04,0.15,0.07,0,0.007,0.0108,0,0,300,199,526
CaN,0.26,0.23,0.74,0.016,0.006,0.05,0.04,0.15,0.07,0,0.007,0.0108,0,0,350,205,526
CaN,0.26,0.23,0.74,0.016,0.006,0.05,0.04,0.15,0.07,0,0.007,0.0108,0,0,400,186,443
CaN,0.26,0.23,0.74,0.016,0.006,0.05,0.04,0.15,0.07,0,0.007,0.0108,0,0,450,168,376
CaN,0.26,0.23,0.74,0.016,0.006,0.05,0.04,0.15,0.07,0,0.007,0.0108,0,0,500,179,345
CaN,0.26,0.23,0.74,0.016,0.006,0.05,0.04,0.15,0.07,0,0.007,0.0108,0,0,550,153,268
VaA,0.28,0.2,0.72,0.015,0.012,0.32,1.02,1.12,0.2,0.27,0.002,0.0075,0,0,27,655,810
VaA,0.28,0.2,0.72,0.015,0.012,0.32,1.02,1.12,0.2,0.27,0.002,0.0075,0,0,100,621,754
VaA,0.28,0.2,0.72,0.015,0.012,0.32,1.02,1.12,0.2,0.27,0.002,0.0075,0,0,200,591,729
VaA,0.28,0.2,0.72,0.015,0.012,0.32,1.02,1.12,0.2,0.27,0.002,0.0075,0,0,300,580,722
VaA,0.28,0.2,0.72,0.015,0.012,0.32,1.02,1.12,0.2,0.27,0.002,0.0075,0,0,400,538,678
VaA,0.28,0.2,0.72,0.015,0.012,0.32,1.02,1.12,0.2,0.27,0.002,0.0075,0,0,450,514,629
VaA,0.28,0.2,0.72,0.015,0.012,0.32,1.02,1.12,0.2,0.27,0.002,0.0075,0,0,500,481,570
VaA,0.28,0.2,0.72,0.015,0.012,0.32,1.02,1.12,0.2,0.27,0.002,0.0075,0,0,550,469,504
VaA,0.28,0.2,0.72,0.015,0.012,0.32,1.02,1.12,0.2,0.27,0.002,0.0075,0,0,600,358,444
VaA,0.28,0.2,0.72,0.015,0.012,0.32,1.02,1.12,0.2,0.27,0.002,0.0075,0,0,650,257,375
VaB,0.28,0.18,0.75,0.012,0.009,0.32,1,1.25,0.14,0.27,0.002,0.009,0,0,27,665,810
VaB,0.28,0.18,0.75,0.012,0.009,0.32,1,1.25,0.14,0.27,0.002,0.009,0,0,100,617,761
VaB,0.28,0.18,0.75,0.012,0.009,0.32,1,1.25,0.14,0.27,0.002,0.009,0,0,200,602,733
VaB,0.28,0.18,0.75,0.012,0.009,0.32,1,1.25,0.14,0.27,0.002,0.009,0,0,300,566,724
VaB,0.28,0.18,0.75,0.012,0.009,0.32,1,1.25,0.14,0.27,0.002,0.009,0,0,400,561,674
VaB,0.28,0.18,0.75,0.012,0.009,0.32,1,1.25,0.14,0.27,0.002,0.009,0,0,450,517,634
VaB,0.28,0.18,0.75,0.012,0.009,0.32,1,1.25,0.14,0.27,0.002,0.009,0,0,500,509,573
VaB,0.28,0.18,0.75,0.012,0.009,0.32,1,1.25,0.14,0.27,0.002,0.009,0,0,550,438,514
VaB,0.28,0.18,0.75,0.012,0.009,0.32,1,1.25,0.14,0.27,0.002,0.009,0,0,600,363,460
VaB,0.28,0.18,0.75,0.012,0.009,0.32,1,1.25,0.14,0.27,0.002,0.009,0,0,650,254,364
VaC,0.29,0.2,0.75,0.01,0.009,0.34,1,1.25,0.14,0.26,0.002,0.0075,0,0,27,690,830
VaC,0.29,0.2,0.75,0.01,0.009,0.34,1,1.25,0.14,0.26,0.002,0.0075,0,0,100,662,786
VaC,0.29,0.2,0.75,0.01,0.009,0.34,1,1.25,0.14,0.26,0.002,0.0075,0,0,200,624,750
VaC,0.29,0.2,0.75,0.01,0.009,0.34,1,1.25,0.14,0.26,0.002,0.0075,0,0,300,602,743
VaC,0.29,0.2,0.75,0.01,0.009,0.34,1,1.25,0.14,0.26,0.002,0.0075,0,0,400,553,695
VaC,0.29,0.2,0.75,0.01,0.009,0.34,1,1.25,0.14,0.26,0.002,0.0075,0,0,450,544,644
VaC,0.29,0.2,0.75,0.01,0.009,0.34,1,1.25,0.14,0.26,0.002,0.0075,0,0,500,492,576
VaC,0.29,0.2,0.75,0.01,0.009,0.34,1,1.25,0.14,0.26,0.002,0.0075,0,0,550,446,529
VaC,0.29,0.2,0.75,0.01,0.009,0.34,1,1.25,0.14,0.26,0.002,0.0075,0,0,600,360,459
VaC,0.29,0.2,0.75,0.01,0.009,0.34,1,1.25,0.14,0.26,0.002,0.0075,0,0,650,256,376
VaD,0.3,0.28,0.72,0.014,0.006,0.35,0.93,1.22,0.16,0.21,0.002,0.0093,0,0,27,645,810
VaD,0.3,0.28,0.72,0.014,0.006,0.35,0.93,1.22,0.16,0.21,0.002,0.0093,0,0,100,613,751
VaD,0.3,0.28,0.72,0.014,0.006,0.35,0.93,1.22,0.16,0.21,0.002,0.0093,0,0,200,596,738
VaD,0.3,0.28,0.72,0.014,0.006,0.35,0.93,1.22,0.16,0.21,0.002,0.0093,0,0,300,569,731
VaD,0.3,0.28,0.72,0.014,0.006,0.35,0.93,1.22,0.16,0.21,0.002,0.0093,0,0,400,538,690
VaD,0.3,0.28,0.72,0.014,0.006,0.35,0.93,1.22,0.16,0.21,0.002,0.0093,0,0,450,522,631
VaD,0.3,0.28,0.72,0.014,0.006,0.35,0.93,1.22,0.16,0.21,0.002,0.0093,0,0,500,506,569
VaD,0.3,0.28,0.72,0.014,0.006,0.35,0.93,1.22,0.16,0.21,0.002,0.0093,0,0,550,432,510
VaD,0.3,0.28,0.72,0.014,0.006,0.35,0.93,1.22,0.16,0.21,0.002,0.0093,0,0,600,353,455
VaD,0.3,0.28,0.72,0.014,0.006,0.35,0.93,1.22,0.16,0.21,0.002,0.0093,0,0,650,277,373
VaE,0.3,0.26,0.79,0.016,0.015,0.32,1.03,1.13,0.19,0.23,0.002,0.0085,0,0,27,620,790
VaE,0.3,0.26,0.79,0.016,0.015,0.32,1.03,1.13,0.19,0.23,0.002,0.0085,0,0,100,585,738
VaE,0.3,0.26,0.79,0.016,0.015,0.32,1.03,1.13,0.19,0.23,0.002,0.0085,0,0,200,572,718
VaE,0.3,0.26,0.79,0.016,0.015,0.32,1.03,1.13,0.19,0.23,0.002,0.0085,0,0,300,562,710
VaE,0.3,0.26,0.79,0.016,0.015,0.32,1.03,1.13,0.19,0.23,0.002,0.0085,0,0,400,526,671
VaE,0.3,0.26,0.79,0.016,0.015,0.32,1.03,1.13,0.19,0.23,0.002,0.0085,0,0,450,501,619
VaE,0.3,0.26,0.79,0.016,0.015,0.32,1.03,1.13,0.19,0.23,0.002,0.0085,0,0,500,470,562
VaE,0.3,0.26,0.79,0.016,0.015,0.32,1.03,1.13,0.19,0.23,0.002,0.0085,0,0,550,426,503
VaE,0.3,0.26,0.79,0.016,0.015,0.32,1.03,1.13,0.19,0.23,0.002,0.0085,0,0,600,356,443
VaE,0.3,0.26,0.79,0.016,0.015,0.32,1.03,1.13,0.19,0.23,0.002,0.0085,0,0,650,250,367
VaG,0.29,0.26,0.76,0.009,0.007,0.45,1.12,1.18,0.07,0.23,0.003,0.0103,0,0,27,685,830
VaG,0.29,0.26,0.76,0.009,0.007,0.45,1.12,1.18,0.07,0.23,0.003,0.0103,0,0,100,642,786
VaG,0.29,0.26,0.76,0.009,0.007,0.45,1.12,1.18,0.07,0.23,0.003,0.0103,0,0,200,618,752
VaG,0.29,0.26,0.76,0.009,0.007,0.45,1.12,1.18,0.07,0.23,0.003,0.0103,0,0,300,596,746
VaG,0.29,0.26,0.76,0.009,0.007,0.45,1.12,1.18,0.07,0.23,0.003,0.0103,0,0,400,569,697
VaG,0.29,0.26,0.76,0.009,0.007,0.45,1.12,1.18,0.07,0.23,0.003,0.0103,0,0,450,545,647
VaG,0.29,0.26,0.76,0.009,0.007,0.45,1.12,1.18,0.07,0.23,0.003,0.0103,0,0,500,521,598
VaG,0.29,0.26,0.76,0.009,0.007,0.45,1.12,1.18,0.07,0.23,0.003,0.0103,0,0,550,463,537
VaG,0.29,0.26,0.76,0.009,0.007,0.45,1.12,1.18,0.07,0.23,0.003,0.0103,0,0,600,378,470
VaG,0.29,0.26,0.76,0.009,0.007,0.45,1.12,1.18,0.07,0.23,0.003,0.0103,0,0,650,279,391
VaH,0.29,0.26,0.77,0.009,0.007,0.46,1.12,1.2,0.08,0.23,0.004,0.0095,0,0,27,660,820
VaH,0.29,0.26,0.77,0.009,0.007,0.46,1.12,1.2,0.08,0.23,0.004,0.0095,0,0,100,622,775
VaH,0.29,0.26,0.77,0.009,0.007,0.46,1.12,1.2,0.08,0.23,0.004,0.0095,0,0,200,599,741
VaH,0.29,0.26,0.77,0.009,0.007,0.46,1.12,1.2,0.08,0.23,0.004,0.0095,0,0,300,579,727
VaH,0.29,0.26,0.77,0.009,0.007,0.46,1.12,1.2,0.08,0.23,0.004,0.0095,0,0,400,560,687
VaH,0.29,0.26,0.77,0.009,0.007,0.46,1.12,1.2,0.08,0.23,0.004,0.0095,0,0,450,522,632
VaH,0.29,0.26,0.77,0.009,0.007,0.46,1.12,1.2,0.08,0.23,0.004,0.0095,0,0,500,500,583
VaH,0.29,0.26,0.77,0.009,0.007,0.46,1.12,1.2,0.08,0.23,0.004,0.0095,0,0,550,446,525
VaH,0.29,0.26,0.77,0.009,0.007,0.46,1.12,1.2,0.08,0.23,0.004,0.0095,0,0,600,365,461
VaH,0.29,0.26,0.77,0.009,0.007,0.46,1.12,1.2,0.08,0.23,0.004,0.0095,0,0,650,284,391
Vaj,0.29,0.21,0.66,0.01,0.008,0.51,1.07,1.29,0.06,0.23,0.005,0.0097,0,0,27,640,800
Vaj,0.29,0.21,0.66,0.01,0.008,0.51,1.07,1.29,0.06,0.23,0.005,0.0097,0,0,100,601,748
Vaj,0.29,0.21,0.66,0.01,0.008,0.51,1.07,1.29,0.06,0.23,0.005,0.0097,0,0,200,577,729
Vaj,0.29,0.21,0.66,0.01,0.008,0.51,1.07,1.29,0.06,0.23,0.005,0.0097,0,0,300,560,716
Vaj,0.29,0.21,0.66,0.01,0.008,0.51,1.07,1.29,0.06,0.23,0.005,0.0097,0,0,400,534,666
Vaj,0.29,0.21,0.66,0.01,0.008,0.51,1.07,1.29,0.06,0.23,0.005,0.0097,0,0,450,508,612
Vaj,0.29,0.21,0.66,0.01,0.008,0.51,1.07,1.29,0.06,0.23,0.005,0.0097,0,0,500,493,558
Vaj,0.29,0.21,0.66,0.01,0.008,0.51,1.07,1.29,0.06,0.23,0.005,0.0097,0,0,550,430,506
Vaj,0.29,0.21,0.66,0.01,0.008,0.51,1.07,1.29,0.06,0.23,0.005,0.0097,0,0,600,347,437
Vaj,0.29,0.21,0.66,0.01,0.008,0.51,1.07,1.29,0.06,0.23,0.005,0.0097,0,0,650,267,370
VaR,0.3,0.27,0.7,0.012,0.012,0.44,1.1,1.35,0.11,0.27,0.003,0.0082,0,0,27,655,810
VaR,0.3,0.27,0.7,0.012,0.012,0.44,1.1,1.35,0.11,0.27,0.003,0.0082,0,0,100,634,766
VaR,0.3,0.27,0.7,0.012,0.012,0.44,1.1,1.35,0.11,0.27,0.003,0.0082,0,0,200,598,747
VaR,0.3,0.27,0.7,0.012,0.012,0.44,1.1,1.35,0.11,0.27,0.003,0.0082,0,0,300,585,737
VaR,0.3,0.27,0.7,0.012,0.012,0.44,1.1,1.35,0.11,0.27,0.003,0.0082,0,0,400,545,682
VaR,0.3,0.27,0.7,0.012,0.012,0.44,1.1,1.35,0.11,0.27,0.003,0.0082,0,0,450,522,631
VaR,0.3,0.27,0.7,0.012,0.012,0.44,1.1,1.35,0.11,0.27,0.003,0.0082,0,0,500,497,574
VaR,0.3,0.27,0.7,0.012,0.012,0.44,1.1,1.35,0.11,0.27,0.003,0.0082,0,0,550,437,522
VaR,0.3,0.27,0.7,0.012,0.012,0.44,1.1,1.35,0.11,0.27,0.003,0.0082,0,0,600,358,451
VaR,0.3,0.27,0.7,0.012,0.012,0.44,1.1,1.35,0.11,0.27,0.003,0.0082,0,0,650,271,382
LaA,0.18,0.26,1.33,0.015,0.008,0.55,0.11,0.49,0.11,0,0.028,0.006,0,0,27,425,580
LaA,0.18,0.26,1.33,0.015,0.008,0.55,0.11,0.49,0.11,0,0.028,0.006,0,0,100,393,525
LaA,0.18,0.26,1.33,0.015,0.008,0.55,0.11,0.49,0.11,0,0.028,0.006,0,0,200,419,551
LaA,0.18,0.26,1.33,0.015,0.008,0.55,0.11,0.49,0.11,0,0.028,0.006,0,0,300,395,588
LaA,0.18,0.26,1.33,0.015,0.008,0.55,0.11,0.49,0.11,0,0.028,0.006,0,0,350,399,575
LaA,0.18,0.26,1.33,0.015,0.008,0.55,0.11,0.49,0.11,0,0.028,0.006,0,0,400,367,534
LaA,0.18,0.26,1.33,0.015,0.008,0.55,0.11,0.49,0.11,0,0.028,0.006,0,0,450,352,481
LaA,0.18,0.26,1.33,0.015,0.008,0.55,0.11,0.49,0.11,0,0.028,0.006,0,0,500,322,409
LaA,0.18,0.26,1.33,0.015,0.008,0.55,0.11,0.49,0.11,0,0.028,0.006,0,0,550,303,374
LaA,0.18,0.26,1.33,0.015,0.008,0.55,0.11,0.49,0.11,0,0.028,0.006,0,0,600,240,313
LaB,0.17,0.23,1.34,0.014,0.009,0.57,0.16,0.49,0.11,0,0.038,0.007,0,0,27,455,590
LaB,0.17,0.23,1.34,0.014,0.009,0.57,0.16,0.49,0.11,0,0.038,0.007,0,0,100,427,548
LaB,0.17,0.23,1.34,0.014,0.009,0.57,0.16,0.49,0.11,0,0.038,0.007,0,0,200,436,566
LaB,0.17,0.23,1.34,0.014,0.009,0.57,0.16,0.49,0.11,0,0.038,0.007,0,0,300,435,608
LaB,0.17,0.23,1.34,0.014,0.009,0.57,0.16,0.49,0.11,0,0.038,0.007,0,0,350,405,572
LaB,0.17,0.23,1.34,0.014,0.009,0.57,0.16,0.49,0.11,0,0.038,0.007,0,0,400,366,531
LaB,0.17,0.23,1.34,0.014,0.009,0.57,0.16,0.49,0.11,0,0.038,0.007,0,0,450,367,505
LaB,0.17,0.23,1.34,0.014,0.009,0.57,0.16,0.49,0.11,0,0.038,0.007,0,0,500,337,427
LaB,0.17,0.23,1.34,0.014,0.009,0.57,0.16,0.49,0.11,0,0.038,0.007,0,0,550,291,369
LaB,0.17,0.23,1.34,0.014,0.009,0.57,0.16,0.49,0.11,0,0.038,0.007,0,0,600,248,308
LaD,0.17,0.33,1.37,0.016,0.014,0.6,0.08,0.53,0.24,0,0.008,0.0071,0,0,27,440,590
LaD,0.17,0.33,1.37,0.016,0.014,0.6,0.08,0.53,0.24,0,0.008,0.0071,0,0,100,421,558
LaD,0.17,0.33,1.37,0.016,0.014,0.6,0.08,0.53,0.24,0,0.008,0.0071,0,0,200,404,548
LaD,0.17,0.33,1.37,0.016,0.014,0.6,0.08,0.53,0.24,0,0.008,0.0071,0,0,300,400,565
LaD,0.17,0.33,1.37,0.016,0.014,0.6,0.08,0.53,0.24,0,0.008,0.0071,0,0,350,404,573
LaD,0.17,0.33,1.37,0.016,0.014,0.6,0.08,0.53,0.24,0,0.008,0.0071,0,0,400,378,532
LaD,0.17,0.33,1.37,0.016,0.014,0.6,0.08,0.53,0.24,0,0.008,0.0071,0,0,450,366,485
LaD,0.17,0.33,1.37,0.016,0.014,0.6,0.08,0.53,0.24,0,0.008,0.0071,0,0,500,341,473
LaD,0.17,0.33,1.37,0.016,0.014,0.6,0.08,0.53,0.24,0,0.008,0.0071,0,0,550,304,369
LaD,0.17,0.33,1.37,0.016,0.014,0.6,0.08,0.53,0.24,0,0.008,0.0071,0,0,600,250,310
LaD,0.17,0.33,1.37,0.016,0.014,0.6,0.08,0.53,0.24,0,0.008,0.0071,0,0,650,170,250
LaE,0.17,0.35,1.44,0.015,0.01,0.58,0.08,0.5,0.23,0,0.006,0.0079,0,0,27,420,580
LaE,0.17,0.35,1.44,0.015,0.01,0.58,0.08,0.5,0.23,0,0.006,0.0079,0,0,100,411,551
LaE,0.17,0.35,1.44,0.015,0.01,0.58,0.08,0.5,0.23,0,0.006,0.0079,0,0,200,381,525
LaE,0.17,0.35,1.44,0.015,0.01,0.58,0.08,0.5,0.23,0,0.006,0.0079,0,0,300,381,556
LaE,0.17,0.35,1.44,0.015,0.01,0.58,0.08,0.5,0.23,0,0.006,0.0079,0,0,350,357,549
LaE,0.17,0.35,1.44,0.015,0.01,0.58,0.08,0.5,0.23,0,0.006,0.0079,0,0,400,352,510
LaE,0.17,0.35,1.44,0.015,0.01,0.58,0.08,0.5,0.23,0,0.006,0.0079,0,0,450,336,462
LaE,0.17,0.35,1.44,0.015,0.01,0.58,0.08,0.5,0.23,0,0.006,0.0079,0,0,500,303,396
LaE,0.17,0.35,1.44,0.015,0.01,0.58,0.08,0.5,0.23,0,0.006,0.0079,0,0,550,286,355
LaE,0.17,0.35,1.44,0.015,0.01,0.58,0.08,0.5,0.23,0,0.006,0.0079,0,0,600,240,300
LaF,0.19,0.33,1.41,0.014,0.006,0.58,0.1,0.53,0.25,0,0.008,0.0077,0,0,27,435,590
LaF,0.19,0.33,1.41,0.014,0.006,0.58,0.1,0.53,0.25,0,0.008,0.0077,0,0,100,414,557
LaF,0.19,0.33,1.41,0.014,0.006,0.58,0.1,0.53,0.25,0,0.008,0.0077,0,0,200,395,540
LaF,0.19,0.33,1.41,0.014,0.006,0.58,0.1,0.53,0.25,0,0.008,0.0077,0,0,300,396,573
LaF,0.19,0.33,1.41,0.014,0.006,0.58,0.1,0.53,0.25,0,0.008,0.0077,0,0,350,370,558
LaF,0.19,0.33,1.41,0.014,0.006,0.58,0.1,0.53,0.25,0,0.008,0.0077,0,0,400,363,522
LaF,0.19,0.33,1.41,0.014,0.006,0.58,0.1,0.53,0.25,0,0.008,0.0077,0,0,450,335,470
LaF,0.19,0.33,1.41,0.014,0.006,0.58,0.1,0.53,0.25,0,0.008,0.0077,0,0,500,323,412
LaF,0.19,0.33,1.41,0.014,0.006,0.58,0.1,0.53,0.25,0,0.008,0.0077,0,0,550,288,356
LaF,0.19,0.33,1.41,0.014,0.006,0.58,0.1,0.53,0.25,0,0.008,0.0077,0,0,600,240,299
MFA,0.12,0.25,0.48,0.008,0.012,0.04,0.64,0.51,0.04,0,0.006,0.013,0,0,27,270,480
MFA,0.12,0.25,0.48,0.008,0.012,0.04,0.64,0.51,0.04,0,0.006,0.013,0,0,100,261,454
MFA,0.12,0.25,0.48,0.008,0.012,0.04,0.64,0.51,0.04,0,0.006,0.013,0,0,200,261,542
MFA,0.12,0.25,0.48,0.008,0.012,0.04,0.64,0.51,0.04,0,0.006,0.013,0,0,300,259,604
MFA,0.12,0.25,0.48,0.008,0.012,0.04,0.64,0.51,0.04,0,0.006,0.013,0,0,400,237,564
MFA,0.12,0.25,0.48,0.008,0.012,0.04,0.64,0.51,0.04,0,0.006,0.013,0,0,450,228,534
MFA,0.12,0.25,0.48,0.008,0.012,0.04,0.64,0.51,0.04,0,0.006,0.013,0,0,500,237,487
MFA,0.12,0.25,0.48,0.008,0.012,0.04,0.64,0.51,0.04,0,0.006,0.013,0,0,550,222,434
MFA,0.12,0.25,0.48,0.008,0.012,0.04,0.64,0.51,0.04,0,0.006,0.013,0,0,600,193,332
MFB,0.16,0.24,0.49,0.012,0.007,0.035,0.61,0.51,0.04,0,0.006,0.0086,0,0,27,275,450
MFB,0.16,0.24,0.49,0.012,0.007,0.035,0.61,0.51,0.04,0,0.006,0.0086,0,0,100,260,408
MFB,0.16,0.24,0.49,0.012,0.007,0.035,0.61,0.51,0.04,0,0.006,0.0086,0,0,200,256,458
MFB,0.16,0.24,0.49,0.012,0.007,0.035,0.61,0.51,0.04,0,0.006,0.0086,0,0,300,192,493
MFB,0.16,0.24,0.49,0.012,0.007,0.035,0.61,0.51,0.04,0,0.006,0.0086,0,0,400,191,456
MFB,0.16,0.24,0.49,0.012,0.007,0.035,0.61,0.51,0.04,0,0.006,0.0086,0,0,450,180,434
MFB,0.16,0.24,0.49,0.012,0.007,0.035,0.61,0.51,0.04,0,0.006,0.0086,0,0,500,181,398
MFB,0.16,0.24,0.49,0.012,0.007,0.035,0.61,0.51,0.04,0,0.006,0.0086,0,0,550,176,349
MFB,0.16,0.24,0.49,0.012,0.007,0.035,0.61,0.51,0.04,0,0.006,0.0086,0,0,600,168,281
MFD,0.12,0.25,0.43,0.006,0.011,0.03,0.59,0.51,0.03,0,0.006,0.015,0,0,27,325,460
MFD,0.12,0.25,0.43,0.006,0.011,0.03,0.59,0.51,0.03,0,0.006,0.015,0,0,100,301,419
MFD,0.12,0.25,0.43,0.006,0.011,0.03,0.59,0.51,0.03,0,0.006,0.015,0,0,200,284,435
MFD,0.12,0.25,0.43,0.006,0.011,0.03,0.59,0.51,0.03,0,0.006,0.015,0,0,300,224,464
MFD,0.12,0.25,0.43,0.006,0.011,0.03,0.59,0.51,0.03,0,0.006,0.015,0,0,400,213,455
MFD,0.12,0.25,0.43,0.006,0.011,0.03,0.59,0.51,0.03,0,0.006,0.015,0,0,450,199,435
MFD,0.12,0.25,0.43,0.006,0.011,0.03,0.59,0.51,0.03,0,0.006,0.015,0,0,500,208,402
MFD,0.12,0.25,0.43,0.006,0.011,0.03,0.59,0.51,0.03,0,0.006,0.015,0,0,550,204,353
MFD,0.12,0.25,0.43,0.006,0.011,0.03,0.59,0.51,0.03,0,0.006,0.015,0,0,600,168,283
MFE,0.12,0.25,0.44,0.013,0.012,0.05,0.71,0.52,0.06,0,0.004,0.0058,0,0,27,255,470
MFE,0.12,0.25,0.44,0.013,0.012,0.05,0.71,0.52,0.06,0,0.004,0.0058,0,0,100,276,438
MFE,0.12,0.25,0.44,0.013,0.012,0.05,0.71,0.52,0.06,0,0.004,0.0058,0,0,200,258,520
MFE,0.12,0.25,0.44,0.013,0.012,0.05,0.71,0.52,0.06,0,0.004,0.0058,0,0,300,260,557
MFE,0.12,0.25,0.44,0.013,0.012,0.05,0.71,0.52,0.06,0,0.004,0.0058,0,0,400,226,530
MFE,0.12,0.25,0.44,0.013,0.012,0.05,0.71,0.52,0.06,0,0.004,0.0058,0,0,450,228,507
MFE,0.12,0.25,0.44,0.013,0.012,0.05,0.71,0.52,0.06,0,0.004,0.0058,0,0,500,218,471
MFE,0.12,0.25,0.44,0.013,0.012,0.05,0.71,0.52,0.06,0,0.004,0.0058,0,0,550,220,418
MFE,0.12,0.25,0.44,0.013,0.012,0.05,0.71,0.52,0.06,0,0.004,0.0058,0,0,600,203,330
MFF,0.12,0.24,0.47,0.008,0.011,0.04,0.71,0.49,0.06,0,0.006,0.013,0,0,27,275,480
MFF,0.12,0.24,0.47,0.008,0.011,0.04,0.71,0.49,0.06,0,0.006,0.013,0,0,100,255,441
MFF,0.12,0.24,0.47,0.008,0.011,0.04,0.71,0.49,0.06,0,0.006,0.013,0,0,200,270,522
MFF,0.12,0.24,0.47,0.008,0.011,0.04,0.71,0.49,0.06,0,0.006,0.013,0,0,300,264,575
MFF,0.12,0.24,0.47,0.008,0.011,0.04,0.71,0.49,0.06,0,0.006,0.013,0,0,400,246,556
MFF,0.12,0.24,0.47,0.008,0.011,0.04,0.71,0.49,0.06,0,0.006,0.013,0,0,450,229,521
MFF,0.12,0.24,0.47,0.008,0.011,0.04,0.71,0.49,0.06,0,0.006,0.013,0,0,500,232,474
MFF,0.12,0.24,0.47,0.008,0.011,0.04,0.71,0.49,0.06,0,0.006,0.013,0,0,550,224,416
MFF,0.12,0.24,0.47,0.008,0.011,0.04,0.71,0.49,0.06,0,0.006,0.013,0,0,600,198,313
MFG,0.15,0.26,0.45,0.012,0.006,0.033,0.58,0.49,0.04,0,0.006,0.0084,0,0,27,260,450
MFG,0.15,0.26,0.45,0.012,0.006,0.033,0.58,0.49,0.04,0,0.006,0.0084,0,0,100,261,418
MFG,0.15,0.26,0.45,0.012,0.006,0.033,0.58,0.49,0.04,0,0.006,0.0084,0,0,200,260,465
MFG,0.15,0.26,0.45,0.012,0.006,0.033,0.58,0.49,0.04,0,0.006,0.0084,0,0,300,192,492
MFG,0.15,0.26,0.45,0.012,0.006,0.033,0.58,0.49,0.04,0,0.006,0.0084,0,0,400,174,449
MFG,0.15,0.26,0.45,0.012,0.006,0.033,0.58,0.49,0.04,0,0.006,0.0084,0,0,450,178,424
MFG,0.15,0.26,0.45,0.012,0.006,0.033,0.58,0.49,0.04,0,0.006,0.0084,0,0,500,186,392
MFG,0.15,0.26,0.45,0.012,0.006,0.033,0.58,0.49,0.04,0,0.006,0.0084,0,0,550,178,337
MFG,0.15,0.26,0.45,0.012,0.006,0.033,0.58,0.49,0.04,0,0.006,0.0084,0,0,600,162,270
MFH,0.14,0.22,0.45,0.013,0.013,0.06,0.68,0.52,0.06,0,0.004,0.0062,0,0,27,250,470
MFH,0.14,0.22,0.45,0.013,0.013,0.06,0.68,0.52,0.06,0,0.004,0.0062,0,0,100,249,435
MFH,0.14,0.22,0.45,0.013,0.013,0.06,0.68,0.52,0.06,0,0.004,0.0062,0,0,200,251,522
MFH,0.14,0.22,0.45,0.013,0.013,0.06,0.68,0.52,0.06,0,0.004,0.0062,0,0,300,226,556
MFH,0.14,0.22,0.45,0.013,0.013,0.06,0.68,0.52,0.06,0,0.004,0.0062,0,0,400,254,524
MFH,0.14,0.22,0.45,0.013,0.013,0.06,0.68,0.52,0.06,0,0.004,0.0062,0,0,450,223,500
MFH,0.14,0.22,0.45,0.013,0.013,0.06,0.68,0.52,0.06,0,0.004,0.0062,0,0,500,207,462
MFH,0.14,0.22,0.45,0.013,0.013,0.06,0.68,0.52,0.06,0,0.004,0.0062,0,0,550,214,413
MFH,0.14,0.22,0.45,0.013,0.013,0.06,0.68,0.52,0.06,0,0.004,0.0062,0,0,600,202,328
MFL,0.15,0.21,0.42,0.015,0.011,0.06,0.66,0.52,0.07,0,0.004,0.0056,0,0,27,255,460
MFL,0.15,0.21,0.42,0.015,0.011,0.06,0.66,0.52,0.07,0,0.004,0.0056,0,0,100,221,411
MFL,0.15,0.21,0.42,0.015,0.011,0.06,0.66,0.52,0.07,0,0.004,0.0056,0,0,200,248,514
MFL,0.15,0.21,0.42,0.015,0.011,0.06,0.66,0.52,0.07,0,0.004,0.0056,0,0,300,223,544
MFL,0.15,0.21,0.42,0.015,0.011,0.06,0.66,0.52,0.07,0,0.004,0.0056,0,0,400,213,507
MFL,0.15,0.21,0.42,0.015,0.011,0.06,0.66,0.52,0.07,0,0.004,0.0056,0,0,450,202,486
MFL,0.15,0.21,0.42,0.015,0.011,0.06,0.66,0.52,0.07,0,0.004,0.0056,0,0,500,192,444
MFL,0.15,0.21,0.42,0.015,0.011,0.06,0.66,0.52,0.07,0,0.004,0.0056,0,0,550,203,395
MFL,0.15,0.21,0.42,0.015,0.011,0.06,0.66,0.52,0.07,0,0.004,0.0056,0,0,600,183,315
MFM,0.15,0.25,0.45,0.013,0.008,0.032,0.6,0.48,0.04,0,0.006,0.0082,0,0,27,265,450
MFM,0.15,0.25,0.45,0.013,0.008,0.032,0.6,0.48,0.04,0,0.006,0.0082,0,0,100,260,415
MFM,0.15,0.25,0.45,0.013,0.008,0.032,0.6,0.48,0.04,0,0.006,0.0082,0,0,200,254,448
MFM,0.15,0.25,0.45,0.013,0.008,0.032,0.6,0.48,0.04,0,0.006,0.0082,0,0,300,202,482
MFM,0.15,0.25,0.45,0.013,0.008,0.032,0.6,0.48,0.04,0,0.006,0.0082,0,0,400,180,452
MFM,0.15,0.25,0.45,0.013,0.008,0.032,0.6,0.48,0.04,0,0.006,0.0082,0,0,450,183,426
MFM,0.15,0.25,0.45,0.013,0.008,0.032,0.6,0.48,0.04,0,0.006,0.0082,0,0,500,172,385
MFM,0.15,0.25,0.45,0.013,0.008,0.032,0.6,0.48,0.04,0,0.006,0.0082,0,0,550,176,338
MFM,0.15,0.25,0.45,0.013,0.008,0.032,0.6,0.48,0.04,0,0.006,0.0082,0,0,600,160,269
VbA,0.17,0.39,0.6,0.022,0.02,0.11,1.31,1.02,0.11,0.28,0.004,0.0078,0,0,27,575,720
VbA,0.17,0.39,0.6,0.022,0.02,0.11,1.31,1.02,0.11,0.28,0.004,0.0078,0,0,100,532,666
VbA,0.17,0.39,0.6,0.022,0.02,0.11,1.31,1.02,0.11,0.28,0.004,0.0078,0,0,200,478,611
VbA,0.17,0.39,0.6,0.022,0.02,0.11,1.31,1.02,0.11,0.28,0.004,0.0078,0,0,300,499,644
VbA,0.17,0.39,0.6,0.022,0.02,0.11,1.31,1.02,0.11,0.28,0.004,0.0078,0,0,400,456,605
VbA,0.17,0.39,0.6,0.022,0.02,0.11,1.31,1.02,0.11,0.28,0.004,0.0078,0,0,450,437,567
VbA,0.17,0.39,0.6,0.022,0.02,0.11,1.31,1.02,0.11,0.28,0.004,0.0078,0,0,500,423,528
VbA,0.17,0.39,0.6,0.022,0.02,0.11,1.31,1.02,0.11,0.28,0.004,0.0078,0,0,550,428,492
VbA,0.17,0.39,0.6,0.022,0.02,0.11,1.31,1.02,0.11,0.28,0.004,0.0078,0,0,600,368,425
VbA,0.17,0.39,0.6,0.022,0.02,0.11,1.31,1.02,0.11,0.28,0.004,0.0078,0,0,650,259,330
VbB,0.16,0.47,0.62,0.01,0.01,0.19,1.01,0.92,0.15,0.24,0.003,0.0111,0,0,27,535,690
VbB,0.16,0.47,0.62,0.01,0.01,0.19,1.01,0.92,0.15,0.24,0.003,0.0111,0,0,100,521,661
VbB,0.16,0.47,0.62,0.01,0.01,0.19,1.01,0.92,0.15,0.24,0.003,0.0111,0,0,200,487,622
VbB,0.16,0.47,0.62,0.01,0.01,0.19,1.01,0.92,0.15,0.24,0.003,0.0111,0,0,300,491,626
VbB,0.16,0.47,0.62,0.01,0.01,0.19,1.01,0.92,0.15,0.24,0.003,0.0111,0,0,400,469,590
VbB,0.16,0.47,0.62,0.01,0.01,0.19,1.01,0.92,0.15,0.24,0.003,0.0111,0,0,450,449,566
VbB,0.16,0.47,0.62,0.01,0.01,0.19,1.01,0.92,0.15,0.24,0.003,0.0111,0,0,500,436,514
VbB,0.16,0.47,0.62,0.01,0.01,0.19,1.01,0.92,0.15,0.24,0.003,0.0111,0,0,550,382,449
VbB,0.16,0.47,0.62,0.01,0.01,0.19,1.01,0.92,0.15,0.24,0.003,0.0111,0,0,600,337,396
VbB,0.16,0.47,0.62,0.01,0.01,0.19,1.01,0.92,0.15,0.24,0.003,0.0111,0,0,650,261,339
VbD,0.14,0.34,0.73,0.01,0.009,0.13,1.06,0.96,0.08,0.23,0.003,0.0102,0,0,27,570,710
VbD,0.14,0.34,0.73,0.01,0.009,0.13,1.06,0.96,0.08,0.23,0.003,0.0102,0,0,100,570,678
VbD,0.14,0.34,0.73,0.01,0.009,0.13,1.06,0.96,0.08,0.23,0.003,0.0102,0,0,200,536,645
VbD,0.14,0.34,0.73,0.01,0.009,0.13,1.06,0.96,0.08,0.23,0.003,0.0102,0,0,300,506,626
VbD,0.14,0.34,0.73,0.01,0.009,0.13,1.06,0.96,0.08,0.23,0.003,0.0102,0,0,400,487,600
VbD,0.14,0.34,0.73,0.01,0.009,0.13,1.06,0.96,0.08,0.23,0.003,0.0102,0,0,450,462,554
VbD,0.14,0.34,0.73,0.01,0.009,0.13,1.06,0.96,0.08,0.23,0.003,0.0102,0,0,500,442,518
VbD,0.14,0.34,0.73,0.01,0.009,0.13,1.06,0.96,0.08,0.23,0.003,0.0102,0,0,550,403,462
VbD,0.14,0.34,0.73,0.01,0.009,0.13,1.06,0.96,0.08,0.23,0.003,0.0102,0,0,600,345,397
VbD,0.14,0.34,0.73,0.01,0.009,0.13,1.06,0.96,0.08,0.23,0.003,0.0102,0,0,650,283,352
VbF,0.18,0.37,0.66,0.018,0.017,0.1,1.07,1.03,0.12,0.3,0.02,0.0081,0,0,27,545,690
VbF,0.18,0.37,0.66,0.018,0.017,0.1,1.07,1.03,0.12,0.3,0.02,0.0081,0,0,100,584,716
VbF,0.18,0.37,0.66,0.018,0.017,0.1,1.07,1.03,0.12,0.3,0.02,0.0081,0,0,200,572,714
VbF,0.18,0.37,0.66,0.018,0.017,0.1,1.07,1.03,0.12,0.3,0.02,0.0081,0,0,300,519,661
VbF,0.18,0.37,0.66,0.018,0.017,0.1,1.07,1.03,0.12,0.3,0.02,0.0081,0,0,400,482,629
VbF,0.18,0.37,0.66,0.018,0.017,0.1,1.07,1.03,0.12,0.3,0.02,0.0081,0,0,450,471,592
VbF,0.18,0.37,0.66,0.018,0.017,0.1,1.07,1.03,0.12,0.3,0.02,0.0081,0,0,500,444,546
VbF,0.18,0.37,0.66,0.018,0.017,0.1,1.07,1.03,0.12,0.3,0.02,0.0081,0,0,550,473,535
VbF,0.18,0.37,0.66,0.018,0.017,0.1,1.07,1.03,0.12,0.3,0.02,0.0081,0,0,600,359,416
VbF,0.18,0.37,0.66,0.018,0.017,0.1,1.07,1.03,0.12,0.3,0.02,0.0081,0,0,650,278,343
VbG,0.16,0.47,0.62,0.01,0.01,0.19,1,0.92,0.15,0.24,0.002,0.0104,0,0,27,515,680
VbG,0.16,0.47,0.62,0.01,0.01,0.19,1,0.92,0.15,0.24,0.002,0.0104,0,0,100,508,644
VbG,0.16,0.47,0.62,0.01,0.01,0.19,1,0.92,0.15,0.24,0.002,0.0104,0,0,200,494,623
VbG,0.16,0.47,0.62,0.01,0.01,0.19,1,0.92,0.15,0.24,0.002,0.0104,0,0,300,464,593
VbG,0.16,0.47,0.62,0.01,0.01,0.19,1,0.92,0.15,0.24,0.002,0.0104,0,0,400,440,580
VbG,0.16,0.47,0.62,0.01,0.01,0.19,1,0.92,0.15,0.24,0.002,0.0104,0,0,450,447,551
VbG,0.16,0.47,0.62,0.01,0.01,0.19,1,0.92,0.15,0.24,0.002,0.0104,0,0,500,421,504
VbG,0.16,0.47,0.62,0.01,0.01,0.19,1,0.92,0.15,0.24,0.002,0.0104,0,0,550,384,450
VbG,0.16,0.47,0.62,0.01,0.01,0.19,1,0.92,0.15,0.24,0.002,0.0104,0,0,600,335,389
VbG,0.16,0.47,0.62,0.01,0.01,0.19,1,0.92,0.15,0.24,0.002,0.0104,0,0,650,269,342
VbH,0.18,0.37,0.61,0.019,0.018,0.11,1.09,1.12,0.07,0.28,0.016,0.0064,0,0,27,650,790
VbH,0.18,0.37,0.61,0.019,0.018,0.11,1.09,1.12,0.07,0.28,0.016,0.0064,0,0,100,520,653
VbH,0.18,0.37,0.61,0.019,0.018,0.11,1.09,1.12,0.07,0.28,0.016,0.0064,0,0,200,516,644
VbH,0.18,0.37,0.61,0.019,0.018,0.11,1.09,1.12,0.07,0.28,0.016,0.0064,0,0,300,199,660
VbH,0.18,0.37,0.61,0.019,0.018,0.11,1.09,1.12,0.07,0.28,0.016,0.0064,0,0,400,530,655
VbH,0.18,0.37,0.61,0.019,0.018,0.11,1.09,1.12,0.07,0.28,0.016,0.0064,0,0,450,534,632
VbH,0.18,0.37,0.61,0.019,0.018,0.11,1.09,1.12,0.07,0.28,0.016,0.0064,0,0,500,440,540
VbH,0.18,0.37,0.61,0.019,0.018,0.11,1.09,1.12,0.07,0.28,0.016,0.0064,0,0,550,445,517
VbH,0.18,0.37,0.61,0.019,0.018,0.11,1.09,1.12,0.07,0.28,0.016,0.0064,0,0,600,403,466
VbH,0.18,0.37,0.61,0.019,0.018,0.11,1.09,1.12,0.07,0.28,0.016,0.0064,0,0,650,318,393
VbJ,0.16,0.52,0.79,0.01,0.008,0.13,1.16,0.97,0.11,0.23,0.003,0.0106,0,0,27,570,720
VbJ,0.16,0.52,0.79,0.01,0.008,0.13,1.16,0.97,0.11,0.23,0.003,0.0106,0,0,100,540,665
VbJ,0.16,0.52,0.79,0.01,0.008,0.13,1.16,0.97,0.11,0.23,0.003,0.0106,0,0,200,522,638
VbJ,0.16,0.52,0.79,0.01,0.008,0.13,1.16,0.97,0.11,0.23,0.003,0.0106,0,0,300,513,660
VbJ,0.16,0.52,0.79,0.01,0.008,0.13,1.16,0.97,0.11,0.23,0.003,0.0106,0,0,400,499,632
VbJ,0.16,0.52,0.79,0.01,0.008,0.13,1.16,0.97,0.11,0.23,0.003,0.0106,0,0,450,463,580
VbJ,0.16,0.52,0.79,0.01,0.008,0.13,1.16,0.97,0.11,0.23,0.003,0.0106,0,0,500,453,535
VbJ,0.16,0.52,0.79,0.01,0.008,0.13,1.16,0.97,0.11,0.23,0.003,0.0106,0,0,550,395,465
VbJ,0.16,0.52,0.79,0.01,0.008,0.13,1.16,0.97,0.11,0.23,0.003,0.0106,0,0,600,338,405
VbJ,0.16,0.52,0.79,0.01,0.008,0.13,1.16,0.97,0.11,0.23,0.003,0.0106,0,0,650,262,341
VbM,0.18,0.39,0.63,0.012,0.012,0.23,1.22,0.89,0.17,0.23,0.002,0.0103,0,0,27,525,680
VbM,0.18,0.39,0.63,0.012,0.012,0.23,1.22,0.89,0.17,0.23,0.002,0.0103,0,0,100,499,635
VbM,0.18,0.39,0.63,0.012,0.012,0.23,1.22,0.89,0.17,0.23,0.002,0.0103,0,0,200,162,603
VbM,0.18,0.39,0.63,0.012,0.012,0.23,1.22,0.89,0.17,0.23,0.002,0.0103,0,0,300,459,601
VbM,0.18,0.39,0.63,0.012,0.012,0.23,1.22,0.89,0.17,0.23,0.002,0.0103,0,0,400,473,587
VbM,0.18,0.39,0.63,0.012,0.012,0.23,1.22,0.89,0.17,0.23,0.002,0.0103,0,0,450,434,542
VbM,0.18,0.39,0.63,0.012,0.012,0.23,1.22,0.89,0.17,0.23,0.002,0.0103,0,0,500,411,498
VbM,0.18,0.39,0.63,0.012,0.012,0.23,1.22,0.89,0.17,0.23,0.002,0.0103,0,0,550,380,446
VbM,0.18,0.39,0.63,0.012,0.012,0.23,1.22,0.89,0.17,0.23,0.002,0.0103,0,0,600,323,386
VbM,0.18,0.39,0.63,0.012,0.012,0.23,1.22,0.89,0.17,0.23,0.002,0.0103,0,0,650,262,333
VbN,0.15,0.52,0.78,0.01,0.009,0.12,1.17,0.98,0.08,0.23,0.003,0.0106,0,0,27,555,680
VbN,0.15,0.52,0.78,0.01,0.009,0.12,1.17,0.98,0.08,0.23,0.003,0.0106,0,0,100,534,654
VbN,0.15,0.52,0.78,0.01,0.009,0.12,1.17,0.98,0.08,0.23,0.003,0.0106,0,0,200,501,619
VbN,0.15,0.52,0.78,0.01,0.009,0.12,1.17,0.98,0.08,0.23,0.003,0.0106,0,0,300,496,607
VbN,0.15,0.52,0.78,0.01,0.009,0.12,1.17,0.98,0.08,0.23,0.003,0.0106,0,0,400,480,582
VbN,0.15,0.52,0.78,0.01,0.009,0.12,1.17,0.98,0.08,0.23,0.003,0.0106,0,0,450,450,540
VbN,0.15,0.52,0.78,0.01,0.009,0.12,1.17,0.98,0.08,0.23,0.003,0.0106,0,0,500,433,505
VbN,0.15,0.52,0.78,0.01,0.009,0.12,1.17,0.98,0.08,0.23,0.003,0.0106,0,0,550,408,162
VbN,0.15,0.52,0.78,0.01,0.009,0.12,1.17,0.98,0.08,0.23,0.003,0.0106,0,0,600,344,397
VbN,0.15,0.52,0.78,0.01,0.009,0.12,1.17,0.98,0.08,0.23,0.003,0.0106,0,0,650,252,333
CbA,0.15,0.3,1.14,0.009,0.021,0.31,0.2,0.08,0.14,0,0.028,0.0082,0.42,0,27,468,592
CbA,0.15,0.3,1.14,0.009,0.021,0.31,0.2,0.08,0.14,0,0.028,0.0082,0.42,0,100,434,545
CbA,0.15,0.3,1.14,0.009,0.021,0.31,0.2,0.08,0.14,0,0.028,0.0082,0.42,0,200,439,557
CbA,0.15,0.3,1.14,0.009,0.021,0.31,0.2,0.08,0.14,0,0.028,0.0082,0.42,0,300,421,596
CbA,0.15,0.3,1.14,0.009,0.021,0.31,0.2,0.08,0.14,0,0.028,0.0082,0.42,0,350,403,566
CbA,0.15,0.3,1.14,0.009,0.021,0.31,0.2,0.08,0.14,0,0.028,0.0082,0.42,0,400,410,513
CbA,0.15,0.3,1.14,0.009,0.021,0.31,0.2,0.08,0.14,0,0.028,0.0082,0.42,0,450,350,457
CbA,0.15,0.3,1.14,0.009,0.021,0.31,0.2,0.08,0.14,0,0.028,0.0082,0.42,0,500,349,426
CbA,0.15,0.3,1.14,0.009,0.021,0.31,0.2,0.08,0.14,0,0.028,0.0082,0.42,0,550,271,344
CbA,0.15,0.3,1.14,0.009,0.021,0.31,0.2,0.08,0.14,0,0.028,0.0082,0.42,0,600,194,276
CbB,0.15,0.28,1.32,0.019,0.005,0.077,0.053,0.008,0.08,0.07,0.017,0.0066,0.401,0,27,483,625
CbB,0.15,0.28,1.32,0.019,0.005,0.077,0.053,0.008,0.08,0.07,0.017,0.0066,0.401,0,100,513,645
CbB,0.15,0.28,1.32,0.019,0.005,0.077,0.053,0.008,0.08,0.07,0.017,0.0066,0.401,0,200,450,623
CbB,0.15,0.28,1.32,0.019,0.005,0.077,0.053,0.008,0.08,0.07,0.017,0.0066,0.401,0,300,452,634
CbB,0.15,0.28,1.32,0.019,0.005,0.077,0.053,0.008,0.08,0.07,0.017,0.0066,0.401,0,350,436,614
CbB,0.15,0.28,1.32,0.019,0.005,0.077,0.053,0.008,0.08,0.07,0.017,0.0066,0.401,0,400,415,569
CbB,0.15,0.28,1.32,0.019,0.005,0.077,0.053,0.008,0.08,0.07,0.017,0.0066,0.401,0,450,375,490
CbB,0.15,0.28,1.32,0.019,0.005,0.077,0.053,0.008,0.08,0.07,0.017,0.0066,0.401,0,500,303,410
CbB,0.15,0.28,1.32,0.019,0.005,0.077,0.053,0.008,0.08,0.07,0.017,0.0066,0.401,0,550,264,363
CbB,0.15,0.28,1.32,0.019,0.005,0.077,0.053,0.008,0.08,0.07,0.017,0.0066,0.401,0,600,189,288
CbC,0.16,0.28,1.14,0.017,0.016,0.33,0.24,0.08,0.13,0,0.015,0.0067,0.437,0,27,590,692
CbC,0.16,0.28,1.14,0.017,0.016,0.33,0.24,0.08,0.13,0,0.015,0.0067,0.437,0,100,591,682
CbC,0.16,0.28,1.14,0.017,0.016,0.33,0.24,0.08,0.13,0,0.015,0.0067,0.437,0,200,570,670
CbC,0.16,0.28,1.14,0.017,0.016,0.33,0.24,0.08,0.13,0,0.015,0.0067,0.437,0,300,566,701
CbC,0.16,0.28,1.14,0.017,0.016,0.33,0.24,0.08,0.13,0,0.015,0.0067,0.437,0,350,526,659
CbC,0.16,0.28,1.14,0.017,0.016,0.33,0.24,0.08,0.13,0,0.015,0.0067,0.437,0,400,530,600
CbC,0.16,0.28,1.14,0.017,0.016,0.33,0.24,0.08,0.13,0,0.015,0.0067,0.437,0,450,467,543
CbC,0.16,0.28,1.14,0.017,0.016,0.33,0.24,0.08,0.13,0,0.015,0.0067,0.437,0,500,403,476
CbC,0.16,0.28,1.14,0.017,0.016,0.33,0.24,0.08,0.13,0,0.015,0.0067,0.437,0,550,288,387
CbC,0.16,0.28,1.14,0.017,0.016,0.33,0.24,0.08,0.13,0,0.015,0.0067,0.437,0,600,186,316
CbD,0.16,0.48,1.21,0.017,0.009,0.02,0.02,0.1,0.02,0.05,0.04,0.0028,0.414,0,27,574,698
CbD,0.16,0.48,1.21,0.017,0.009,0.02,0.02,0.1,0.02,0.05,0.04,0.0028,0.414,0,100,512,637
CbD,0.16,0.48,1.21,0.017,0.009,0.02,0.02,0.1,0.02,0.05,0.04,0.0028,0.414,0,200,513,641
CbD,0.16,0.48,1.21,0.017,0.009,0.02,0.02,0.1,0.02,0.05,0.04,0.0028,0.414,0,300,486,649
CbD,0.16,0.48,1.21,0.017,0.009,0.02,0.02,0.1,0.02,0.05,0.04,0.0028,0.414,0,350,461,630
CbD,0.16,0.48,1.21,0.017,0.009,0.02,0.02,0.1,0.02,0.05,0.04,0.0028,0.414,0,400,431,567
CbD,0.16,0.48,1.21,0.017,0.009,0.02,0.02,0.1,0.02,0.05,0.04,0.0028,0.414,0,450,424,535
CbD,0.16,0.48,1.21,0.017,0.009,0.02,0.02,0.1,0.02,0.05,0.04,0.0028,0.414,0,500,380,466
CbD,0.16,0.48,1.21,0.017,0.009,0.02,0.02,0.1,0.02,0.05,0.04,0.0028,0.414,0,550,326,412
CbD,0.16,0.48,1.21,0.017,0.009,0.02,0.02,0.1,0.02,0.05,0.04,0.0028,0.414,0,600,252,338
CbE,0.13,0.33,1.23,0.014,0.015,0.44,0.04,0.076,0.04,0.04,0.032,0.0074,0.389,0,27,515,629
CbE,0.13,0.33,1.23,0.014,0.015,0.44,0.04,0.076,0.04,0.04,0.032,0.0074,0.389,0,100,500,592
CbE,0.13,0.33,1.23,0.014,0.015,0.44,0.04,0.076,0.04,0.04,0.032,0.0074,0.389,0,200,473,589
CbE,0.13,0.33,1.23,0.014,0.015,0.44,0.04,0.076,0.04,0.04,0.032,0.0074,0.389,0,300,459,624
CbE,0.13,0.33,1.23,0.014,0.015,0.44,0.04,0.076,0.04,0.04,0.032,0.0074,0.389,0,350,446,595
CbE,0.13,0.33,1.23,0.014,0.015,0.44,0.04,0.076,0.04,0.04,0.032,0.0074,0.389,0,400,399,530
CbE,0.13,0.33,1.23,0.014,0.015,0.44,0.04,0.076,0.04,0.04,0.032,0.0074,0.389,0,450,395,487
CbE,0.13,0.33,1.23,0.014,0.015,0.44,0.04,0.076,0.04,0.04,0.032,0.0074,0.389,0,500,368,430
CbE,0.13,0.33,1.23,0.014,0.015,0.44,0.04,0.076,0.04,0.04,0.032,0.0074,0.389,0,550,298,367
CbE,0.13,0.33,1.23,0.014,0.015,0.44,0.04,0.076,0.04,0.04,0.032,0.0074,0.389,0,600,218,300
CbF,0.14,0.3,1.09,0.008,0.015,0.39,0.12,0.09,0.17,0,0.032,0.0098,0.39,0,27,451,578
CbF,0.14,0.3,1.09,0.008,0.015,0.39,0.12,0.09,0.17,0,0.032,0.0098,0.39,0,100,424,534
CbF,0.14,0.3,1.09,0.008,0.015,0.39,0.12,0.09,0.17,0,0.032,0.0098,0.39,0,200,411,533
CbF,0.14,0.3,1.09,0.008,0.015,0.39,0.12,0.09,0.17,0,0.032,0.0098,0.39,0,300,396,571
CbF,0.14,0.3,1.09,0.008,0.015,0.39,0.12,0.09,0.17,0,0.032,0.0098,0.39,0,350,397,551
CbF,0.14,0.3,1.09,0.008,0.015,0.39,0.12,0.09,0.17,0,0.032,0.0098,0.39,0,400,351,490
CbF,0.14,0.3,1.09,0.008,0.015,0.39,0.12,0.09,0.17,0,0.032,0.0098,0.39,0,450,342,432
CbF,0.14,0.3,1.09,0.008,0.015,0.39,0.12,0.09,0.17,0,0.032,0.0098,0.39,0,500,300,380
CbF,0.14,0.3,1.09,0.008,0.015,0.39,0.12,0.09,0.17,0,0.032,0.0098,0.39,0,550,248,321
CbF,0.14,0.3,1.09,0.008,0.015,0.39,0.12,0.09,0.17,0,0.032,0.0098,0.39,0,600,189,269
CbG,0.14,0.21,1.29,0.016,0.008,0.21,0.02,0.06,0.09,0.03,0.021,0.0065,0.39,0,27,476,604
CbG,0.14,0.21,1.29,0.016,0.008,0.21,0.02,0.06,0.09,0.03,0.021,0.0065,0.39,0,100,456,572
CbG,0.14,0.21,1.29,0.016,0.008,0.21,0.02,0.06,0.09,0.03,0.021,0.0065,0.39,0,200,443,578
CbG,0.14,0.21,1.29,0.016,0.008,0.21,0.02,0.06,0.09,0.03,0.021,0.0065,0.39,0,300,432,602
CbG,0.14,0.21,1.29,0.016,0.008,0.21,0.02,0.06,0.09,0.03,0.021,0.0065,0.39,0,350,409,582
CbG,0.14,0.21,1.29,0.016,0.008,0.21,0.02,0.06,0.09,0.03,0.021,0.0065,0.39,0,400,422,548
CbG,0.14,0.21,1.29,0.016,0.008,0.21,0.02,0.06,0.09,0.03,0.021,0.0065,0.39,0,450,403,495
CbG,0.14,0.21,1.29,0.016,0.008,0.21,0.02,0.06,0.09,0.03,0.021,0.0065,0.39,0,500,357,433
CbG,0.14,0.21,1.29,0.016,0.008,0.21,0.02,0.06,0.09,0.03,0.021,0.0065,0.39,0,550,299,374
CbG,0.14,0.21,1.29,0.016,0.008,0.21,0.02,0.06,0.09,0.03,0.021,0.0065,0.39,0,600,230,310
CbH,0.148,0.49,1.27,0.03,0.005,0.04,0.19,0.02,0.03,0.07,0.036,0.0065,0.429,0,27,514,612
CbH,0.148,0.49,1.27,0.03,0.005,0.04,0.19,0.02,0.03,0.07,0.036,0.0065,0.429,0,100,497,593
CbH,0.148,0.49,1.27,0.03,0.005,0.04,0.19,0.02,0.03,0.07,0.036,0.0065,0.429,0,200,511,599
CbH,0.148,0.49,1.27,0.03,0.005,0.04,0.19,0.02,0.03,0.07,0.036,0.0065,0.429,0,300,451,618
CbH,0.148,0.49,1.27,0.03,0.005,0.04,0.19,0.02,0.03,0.07,0.036,0.0065,0.429,0,350,459,602
CbH,0.148,0.49,1.27,0.03,0.005,0.04,0.19,0.02,0.03,0.07,0.036,0.0065,0.429,0,400,415,544
CbH,0.148,0.49,1.27,0.03,0.005,0.04,0.19,0.02,0.03,0.07,0.036,0.0065,0.429,0,450,388,491
CbH,0.148,0.49,1.27,0.03,0.005,0.04,0.19,0.02,0.03,0.07,0.036,0.0065,0.429,0,500,328,409
CbH,0.148,0.49,1.27,0.03,0.005,0.04,0.19,0.02,0.03,0.07,0.036,0.0065,0.429,0,550,249,333
CbH,0.148,0.49,1.27,0.03,0.005,0.04,0.19,0.02,0.03,0.07,0.036,0.0065,0.429,0,600,190,282
CbJ,0.17,0.52,1.27,0.017,0.015,0.02,0.02,0.1,0.02,0.05,0.049,0.0026,0.436,0,27,623,736
CbJ,0.17,0.52,1.27,0.017,0.015,0.02,0.02,0.1,0.02,0.05,0.049,0.0026,0.436,0,100,637,736
CbJ,0.17,0.52,1.27,0.017,0.015,0.02,0.02,0.1,0.02,0.05,0.049,0.0026,0.436,0,200,594,712
CbJ,0.17,0.52,1.27,0.017,0.015,0.02,0.02,0.1,0.02,0.05,0.049,0.0026,0.436,0,300,573,711
CbJ,0.17,0.52,1.27,0.017,0.015,0.02,0.02,0.1,0.02,0.05,0.049,0.0026,0.436,0,350,517,660
CbJ,0.17,0.52,1.27,0.017,0.015,0.02,0.02,0.1,0.02,0.05,0.049,0.0026,0.436,0,400,500,630
CbJ,0.17,0.52,1.27,0.017,0.015,0.02,0.02,0.1,0.02,0.05,0.049,0.0026,0.436,0,450,483,576
CbJ,0.17,0.52,1.27,0.017,0.015,0.02,0.02,0.1,0.02,0.05,0.049,0.0026,0.436,0,500,452,536
CbJ,0.17,0.52,1.27,0.017,0.015,0.02,0.02,0.1,0.02,0.05,0.049,0.0026,0.436,0,550,368,464
CbJ,0.17,0.52,1.27,0.017,0.015,0.02,0.02,0.1,0.02,0.05,0.049,0.0026,0.436,0,600,247,366
CbL,0.12,0.33,1.37,0.016,0.012,0.19,0.03,0.01,0.03,0.08,0.042,0.007,0.381,0,27,666,676
CbL,0.12,0.33,1.37,0.016,0.012,0.19,0.03,0.01,0.03,0.08,0.042,0.007,0.381,0,100,541,647
CbL,0.12,0.33,1.37,0.016,0.012,0.19,0.03,0.01,0.03,0.08,0.042,0.007,0.381,0,200,507,630
CbL,0.12,0.33,1.37,0.016,0.012,0.19,0.03,0.01,0.03,0.08,0.042,0.007,0.381,0,300,491,660
CbL,0.12,0.33,1.37,0.016,0.012,0.19,0.03,0.01,0.03,0.08,0.042,0.007,0.381,0,350,467,630
CbL,0.12,0.33,1.37,0.016,0.012,0.19,0.03,0.01,0.03,0.08,0.042,0.007,0.381,0,400,450,580
CbL,0.12,0.33,1.37,0.016,0.012,0.19,0.03,0.01,0.03,0.08,0.042,0.007,0.381,0,450,409,517
CbL,0.12,0.33,1.37,0.016,0.012,0.19,0.03,0.01,0.03,0.08,0.042,0.007,0.381,0,500,361,452
CbL,0.12,0.33,1.37,0.016,0.012,0.19,0.03,0.01,0.03,0.08,0.042,0.007,0.381,0,550,281,382
CbL,0.12,0.33,1.37,0.016,0.012,0.19,0.03,0.01,0.03,0.08,0.042,0.007,0.381,0,600,206,311
CbM,0.13,0.34,1.23,0.012,0.016,0.46,0.03,0.072,0.02,0.042,0.035,0.0065,0.387,0,27,533,636
CbM,0.13,0.34,1.23,0.012,0.016,0.46,0.03,0.072,0.02,0.042,0.035,0.0065,0.387,0,100,510,612
CbM,0.13,0.34,1.23,0.012,0.016,0.46,0.03,0.072,0.02,0.042,0.035,0.0065,0.387,0,200,482,602
CbM,0.13,0.34,1.23,0.012,0.016,0.46,0.03,0.072,0.02,0.042,0.035,0.0065,0.387,0,300,464,636
CbM,0.13,0.34,1.23,0.012,0.016,0.46,0.03,0.072,0.02,0.042,0.035,0.0065,0.387,0,350,437,609
CbM,0.13,0.34,1.23,0.012,0.016,0.46,0.03,0.072,0.02,0.042,0.035,0.0065,0.387,0,400,447,566
CbM,0.13,0.34,1.23,0.012,0.016,0.46,0.03,0.072,0.02,0.042,0.035,0.0065,0.387,0,450,396,496
CbM,0.13,0.34,1.23,0.012,0.016,0.46,0.03,0.072,0.02,0.042,0.035,0.0065,0.387,0,500,359,436
CbM,0.13,0.34,1.23,0.012,0.016,0.46,0.03,0.072,0.02,0.042,0.035,0.0065,0.387,0,550,301,376
CbM,0.13,0.34,1.23,0.012,0.016,0.46,0.03,0.072,0.02,0.042,0.035,0.0065,0.387,0,600,217,312
CbN,0.12,0.37,1.32,0.012,0.012,0.22,0.03,0.07,0.07,0.04,0.03,0.0064,0.387,0,27,455,571
CbN,0.12,0.37,1.32,0.012,0.012,0.22,0.03,0.07,0.07,0.04,0.03,0.0064,0.387,0,100,426,533
CbN,0.12,0.37,1.32,0.012,0.012,0.22,0.03,0.07,0.07,0.04,0.03,0.0064,0.387,0,200,394,530
CbN,0.12,0.37,1.32,0.012,0.012,0.22,0.03,0.07,0.07,0.04,0.03,0.0064,0.387,0,300,372,571
CbN,0.12,0.37,1.32,0.012,0.012,0.22,0.03,0.07,0.07,0.04,0.03,0.0064,0.387,0,350,357,562
CbN,0.12,0.37,1.32,0.012,0.012,0.22,0.03,0.07,0.07,0.04,0.03,0.0064,0.387,0,400,341,509
CbN,0.12,0.37,1.32,0.012,0.012,0.22,0.03,0.07,0.07,0.04,0.03,0.0064,0.387,0,450,321,450
CbN,0.12,0.37,1.32,0.012,0.012,0.22,0.03,0.07,0.07,0.04,0.03,0.0064,0.387,0,500,293,389
CbN,0.12,0.37,1.32,0.012,0.012,0.22,0.03,0.07,0.07,0.04,0.03,0.0064,0.387,0,550,244,326
CbN,0.12,0.37,1.32,0.012,0.012,0.22,0.03,0.07,0.07,0.04,0.03,0.0064,0.387,0,600,185,258
CbR,0.16,0.29,1.42,0.013,0.006,0.041,0.054,0.011,0.08,0.079,0.006,0.0048,0.429,0,27,501,630
CbR,0.16,0.29,1.42,0.013,0.006,0.041,0.054,0.011,0.08,0.079,0.006,0.0048,0.429,0,100,513,642
CbR,0.16,0.29,1.42,0.013,0.006,0.041,0.054,0.011,0.08,0.079,0.006,0.0048,0.429,0,200,482,636
CbR,0.16,0.29,1.42,0.013,0.006,0.041,0.054,0.011,0.08,0.079,0.006,0.0048,0.429,0,300,408,614
CbR,0.16,0.29,1.42,0.013,0.006,0.041,0.054,0.011,0.08,0.079,0.006,0.0048,0.429,0,350,451,623
CbR,0.16,0.29,1.42,0.013,0.006,0.041,0.054,0.011,0.08,0.079,0.006,0.0048,0.429,0,400,422,551
CbR,0.16,0.29,1.42,0.013,0.006,0.041,0.054,0.011,0.08,0.079,0.006,0.0048,0.429,0,450,388,505
CbR,0.16,0.29,1.42,0.013,0.006,0.041,0.054,0.011,0.08,0.079,0.006,0.0048,0.429,0,500,303,408
CbR,0.16,0.29,1.42,0.013,0.006,0.041,0.054,0.011,0.08,0.079,0.006,0.0048,0.429,0,550,251,343
CbR,0.16,0.29,1.42,0.013,0.006,0.041,0.054,0.011,0.08,0.079,0.006,0.0048,0.429,0,600,191,290
CbS,0.123,0.44,1.19,0.021,0.006,0.05,0.2,0.02,0.03,0.07,0.04,0.006,0.39,0,27,530,630
CbS,0.123,0.44,1.19,0.021,0.006,0.05,0.2,0.02,0.03,0.07,0.04,0.006,0.39,0,100,486,578
CbS,0.123,0.44,1.19,0.021,0.006,0.05,0.2,0.02,0.03,0.07,0.04,0.006,0.39,0,200,465,570
CbS,0.123,0.44,1.19,0.021,0.006,0.05,0.2,0.02,0.03,0.07,0.04,0.006,0.39,0,300,511,664
CbS,0.123,0.44,1.19,0.021,0.006,0.05,0.2,0.02,0.03,0.07,0.04,0.006,0.39,0,350,451,598
CbS,0.123,0.44,1.19,0.021,0.006,0.05,0.2,0.02,0.03,0.07,0.04,0.006,0.39,0,400,459,576
CbS,0.123,0.44,1.19,0.021,0.006,0.05,0.2,0.02,0.03,0.07,0.04,0.006,0.39,0,450,383,475
CbS,0.123,0.44,1.19,0.021,0.006,0.05,0.2,0.02,0.03,0.07,0.04,0.006,0.39,0,500,338,424
CbS,0.123,0.44,1.19,0.021,0.006,0.05,0.2,0.02,0.03,0.07,0.04,0.006,0.39,0,550,276,364
CbS,0.123,0.44,1.19,0.021,0.006,0.05,0.2,0.02,0.03,0.07,0.04,0.006,0.39,0,600,206,317
CbT,0.14,0.38,1.24,0.014,0.014,0.43,0.03,0.084,0.05,0.043,0.04,0.0066,0.403,0,27,539,648
CbT,0.14,0.38,1.24,0.014,0.014,0.43,0.03,0.084,0.05,0.043,0.04,0.0066,0.403,0,100,508,614
CbT,0.14,0.38,1.24,0.014,0.014,0.43,0.03,0.084,0.05,0.043,0.04,0.0066,0.403,0,200,497,609
CbT,0.14,0.38,1.24,0.014,0.014,0.43,0.03,0.084,0.05,0.043,0.04,0.0066,0.403,0,300,471,637
CbT,0.14,0.38,1.24,0.014,0.014,0.43,0.03,0.084,0.05,0.043,0.04,0.0066,0.403,0,350,447,609
CbT,0.14,0.38,1.24,0.014,0.014,0.43,0.03,0.084,0.05,0.043,0.04,0.0066,0.403,0,400,438,559
CbT,0.14,0.38,1.24,0.014,0.014,0.43,0.03,0.084,0.05,0.043,0.04,0.0066,0.403,0,450,403,503
CbT,0.14,0.38,1.24,0.014,0.014,0.43,0.03,0.084,0.05,0.043,0.04,0.0066,0.403,0,500,362,441
CbT,0.14,0.38,1.24,0.014,0.014,0.43,0.03,0.084,0.05,0.043,0.04,0.0066,0.403,0,550,313,378
CbT,0.14,0.38,1.24,0.014,0.014,0.43,0.03,0.084,0.05,0.043,0.04,0.0066,0.403,0,600,229,313
CbU,0.14,0.33,1.45,0.025,0.012,0.18,0.03,0.01,0.02,0.06,0.05,0.0051,0.412,0,27,513,660
CbU,0.14,0.33,1.45,0.025,0.012,0.18,0.03,0.01,0.02,0.06,0.05,0.0051,0.412,0,100,521,625
CbU,0.14,0.33,1.45,0.025,0.012,0.18,0.03,0.01,0.02,0.06,0.05,0.0051,0.412,0,200,500,616
CbU,0.14,0.33,1.45,0.025,0.012,0.18,0.03,0.01,0.02,0.06,0.05,0.0051,0.412,0,300,488,655
CbU,0.14,0.33,1.45,0.025,0.012,0.18,0.03,0.01,0.02,0.06,0.05,0.0051,0.412,0,350,469,630
CbU,0.14,0.33,1.45,0.025,0.012,0.18,0.03,0.01,0.02,0.06,0.05,0.0051,0.412,0,400,437,570
CbU,0.14,0.33,1.45,0.025,0.012,0.18,0.03,0.01,0.02,0.06,0.05,0.0051,0.412,0,450,402,509
CbU,0.14,0.33,1.45,0.025,0.012,0.18,0.03,0.01,0.02,0.06,0.05,0.0051,0.412,0,500,345,444
CbU,0.14,0.33,1.45,0.025,0.012,0.18,0.03,0.01,0.02,0.06,0.05,0.0051,0.412,0,550,278,367
CbU,0.14,0.33,1.45,0.025,0.012,0.18,0.03,0.01,0.02,0.06,0.05,0.0051,0.412,0,600,193,299
CbV,0.15,0.25,1.38,0.014,0.006,0.04,0.041,0.006,0.08,0.088,0.015,0.0076,0.407,0,27,483,618
CbV,0.15,0.25,1.38,0.014,0.006,0.04,0.041,0.006,0.08,0.088,0.015,0.0076,0.407,0,100,468,586
CbV,0.15,0.25,1.38,0.014,0.006,0.04,0.041,0.006,0.08,0.088,0.015,0.0076,0.407,0,200,411,585
CbV,0.15,0.25,1.38,0.014,0.006,0.04,0.041,0.006,0.08,0.088,0.015,0.0076,0.407,0,300,399,583
CbV,0.15,0.25,1.38,0.014,0.006,0.04,0.041,0.006,0.08,0.088,0.015,0.0076,0.407,0,350,395,573
CbV,0.15,0.25,1.38,0.014,0.006,0.04,0.041,0.006,0.08,0.088,0.015,0.0076,0.407,0,400,360,517
CbV,0.15,0.25,1.38,0.014,0.006,0.04,0.041,0.006,0.08,0.088,0.015,0.0076,0.407,0,450,312,442
CbV,0.15,0.25,1.38,0.014,0.006,0.04,0.041,0.006,0.08,0.088,0.015,0.0076,0.407,0,500,265,378
CbV,0.15,0.25,1.38,0.014,0.006,0.04,0.041,0.006,0.08,0.088,0.015,0.0076,0.407,0,550,229,330
CbV,0.15,0.25,1.38,0.014,0.006,0.04,0.041,0.006,0.08,0.088,0.015,0.0076,0.407,0,600,185,270
CbW,0.143,0.5,1.2,0.03,0.007,0.06,0.17,0.02,0.02,0.07,0.029,0.0068,0.409,0,27,488,601
CbW,0.143,0.5,1.2,0.03,0.007,0.06,0.17,0.02,0.02,0.07,0.029,0.0068,0.409,0,100,463,569
CbW,0.143,0.5,1.2,0.03,0.007,0.06,0.17,0.02,0.02,0.07,0.029,0.0068,0.409,0,200,445,585
CbW,0.143,0.5,1.2,0.03,0.007,0.06,0.17,0.02,0.02,0.07,0.029,0.0068,0.409,0,300,425,604
CbW,0.143,0.5,1.2,0.03,0.007,0.06,0.17,0.02,0.02,0.07,0.029,0.0068,0.409,0,350,420,599
CbW,0.143,0.5,1.2,0.03,0.007,0.06,0.17,0.02,0.02,0.07,0.029,0.0068,0.409,0,400,407,530
CbW,0.143,0.5,1.2,0.03,0.007,0.06,0.17,0.02,0.02,0.07,0.029,0.0068,0.409,0,450,356,468
CbW,0.143,0.5,1.2,0.03,0.007,0.06,0.17,0.02,0.02,0.07,0.029,0.0068,0.409,0,500,328,416
CbW,0.143,0.5,1.2,0.03,0.007,0.06,0.17,0.02,0.02,0.07,0.029,0.0068,0.409,0,550,256,328
CbW,0.143,0.5,1.2,0.03,0.007,0.06,0.17,0.02,0.02,0.07,0.029,0.0068,0.409,0,600,193,279
CbX,0.17,0.49,1.26,0.013,0.01,0.01,0.02,0.09,0.02,0.04,0.045,0.0025,0.429,0,27,537,672
CbX,0.17,0.49,1.26,0.013,0.01,0.01,0.02,0.09,0.02,0.04,0.045,0.0025,0.429,0,100,508,640
CbX,0.17,0.49,1.26,0.013,0.01,0.01,0.02,0.09,0.02,0.04,0.045,0.0025,0.429,0,200,532,666
CbX,0.17,0.49,1.26,0.013,0.01,0.01,0.02,0.09,0.02,0.04,0.045,0.0025,0.429,0,300,461,634
CbX,0.17,0.49,1.26,0.013,0.01,0.01,0.02,0.09,0.02,0.04,0.045,0.0025,0.429,0,350,465,632
CbX,0.17,0.49,1.26,0.013,0.01,0.01,0.02,0.09,0.02,0.04,0.045,0.0025,0.429,0,400,413,566
CbX,0.17,0.49,1.26,0.013,0.01,0.01,0.02,0.09,0.02,0.04,0.045,0.0025,0.429,0,450,411,519
CbX,0.17,0.49,1.26,0.013,0.01,0.01,0.02,0.09,0.02,0.04,0.045,0.0025,0.429,0,500,394,478
CbX,0.17,0.49,1.26,0.013,0.01,0.01,0.02,0.09,0.02,0.04,0.045,0.0025,0.429,0,550,335,415
CbX,0.17,0.49,1.26,0.013,0.01,0.01,0.02,0.09,0.02,0.04,0.045,0.0025,0.429,0,600,234,330
CbY,0.13,0.42,1.28,0.014,0.012,0.21,0.22,0.05,0.04,0.03,0.037,0.0072,0.424,0,27,476,603
CbY,0.13,0.42,1.28,0.014,0.012,0.21,0.22,0.05,0.04,0.03,0.037,0.0072,0.424,0,100,451,567
CbY,0.13,0.42,1.28,0.014,0.012,0.21,0.22,0.05,0.04,0.03,0.037,0.0072,0.424,0,200,426,569
CbY,0.13,0.42,1.28,0.014,0.012,0.21,0.22,0.05,0.04,0.03,0.037,0.0072,0.424,0,300,410,607
CbY,0.13,0.42,1.28,0.014,0.012,0.21,0.22,0.05,0.04,0.03,0.037,0.0072,0.424,0,350,391,580
CbY,0.13,0.42,1.28,0.014,0.012,0.21,0.22,0.05,0.04,0.03,0.037,0.0072,0.424,0,400,378,532
CbY,0.13,0.42,1.28,0.014,0.012,0.21,0.22,0.05,0.04,0.03,0.037,0.0072,0.424,0,450,359,473
CbY,0.13,0.42,1.28,0.014,0.012,0.21,0.22,0.05,0.04,0.03,0.037,0.0072,0.424,0,500,325,405
CbY,0.13,0.42,1.28,0.014,0.012,0.21,0.22,0.05,0.04,0.03,0.037,0.0072,0.424,0,550,253,341
CbY,0.13,0.42,1.28,0.014,0.012,0.21,0.22,0.05,0.04,0.03,0.037,0.0072,0.424,0,600,193,276
CbZ,0.16,0.41,1.48,0.014,0.01,0.02,0.02,0.01,0.03,0.08,0.033,0.0079,0.436,0,27,577,693
CbZ,0.16,0.41,1.48,0.014,0.01,0.02,0.02,0.01,0.03,0.08,0.033,0.0079,0.436,0,100,546,663
CbZ,0.16,0.41,1.48,0.014,0.01,0.02,0.02,0.01,0.03,0.08,0.033,0.0079,0.436,0,200,542,679
CbZ,0.16,0.41,1.48,0.014,0.01,0.02,0.02,0.01,0.03,0.08,0.033,0.0079,0.436,0,300,483,664
CbZ,0.16,0.41,1.48,0.014,0.01,0.02,0.02,0.01,0.03,0.08,0.033,0.0079,0.436,0,350,487,655
CbZ,0.16,0.41,1.48,0.014,0.01,0.02,0.02,0.01,0.03,0.08,0.033,0.0079,0.436,0,400,452,583
CbZ,0.16,0.41,1.48,0.014,0.01,0.02,0.02,0.01,0.03,0.08,0.033,0.0079,0.436,0,450,404,513
CbZ,0.16,0.41,1.48,0.014,0.01,0.02,0.02,0.01,0.03,0.08,0.033,0.0079,0.436,0,500,360,450
CbZ,0.16,0.41,1.48,0.014,0.01,0.02,0.02,0.01,0.03,0.08,0.033,0.0079,0.436,0,550,27,375
CbZ,0.16,0.41,1.48,0.014,0.01,0.02,0.02,0.01,0.03,0.08,0.033,0.0079,0.436,0,600,198,313
CCA,0.23,0.23,1.23,0.027,0.012,0.03,0.04,0.017,0.01,0.009,0.003,0.0111,0,0.0017,27,359,578
CCA,0.23,0.23,1.23,0.027,0.012,0.03,0.04,0.017,0.01,0.009,0.003,0.0111,0,0.0017,100,371,558
CCA,0.23,0.23,1.23,0.027,0.012,0.03,0.04,0.017,0.01,0.009,0.003,0.0111,0,0.0017,150,367,651
CCA,0.23,0.23,1.23,0.027,0.012,0.03,0.04,0.017,0.01,0.009,0.003,0.0111,0,0.0017,200,358,690
CCA,0.23,0.23,1.23,0.027,0.012,0.03,0.04,0.017,0.01,0.009,0.003,0.0111,0,0.0017,250,305,696
CCA,0.23,0.23,1.23,0.027,0.012,0.03,0.04,0.017,0.01,0.009,0.003,0.0111,0,0.0017,300,290,677
CCA,0.23,0.23,1.23,0.027,0.012,0.03,0.04,0.017,0.01,0.009,0.003,0.0111,0,0.0017,350,258,627
CCA,0.23,0.23,1.23,0.027,0.012,0.03,0.04,0.017,0.01,0.009,0.003,0.0111,0,0.0017,400,243,572
CCA,0.23,0.23,1.23,0.027,0.012,0.03,0.04,0.017,0.01,0.009,0.003,0.0111,0,0.0017,450,240,498
CCA,0.23,0.23,1.23,0.027,0.012,0.03,0.04,0.017,0.01,0.009,0.003,0.0111,0,0.0017,500,181,416
CCA,0.23,0.23,1.23,0.027,0.012,0.03,0.04,0.017,0.01,0.009,0.003,0.0111,0,0.0017,550,203,320
CCB,0.22,0.22,1.24,0.021,0.008,0.03,0.05,0.017,0.01,0.005,0.005,0.0116,0,0.0017,27,382,580
CCB,0.22,0.22,1.24,0.021,0.008,0.03,0.05,0.017,0.01,0.005,0.005,0.0116,0,0.0017,100,381,561
CCB,0.22,0.22,1.24,0.021,0.008,0.03,0.05,0.017,0.01,0.005,0.005,0.0116,0,0.0017,150,372,650
CCB,0.22,0.22,1.24,0.021,0.008,0.03,0.05,0.017,0.01,0.005,0.005,0.0116,0,0.0017,200,396,705
CCB,0.22,0.22,1.24,0.021,0.008,0.03,0.05,0.017,0.01,0.005,0.005,0.0116,0,0.0017,250,326,710
CCB,0.22,0.22,1.24,0.021,0.008,0.03,0.05,0.017,0.01,0.005,0.005,0.0116,0,0.0017,300,282,682
CCB,0.22,0.22,1.24,0.021,0.008,0.03,0.05,0.017,0.01,0.005,0.005,0.0116,0,0.0017,350,268,632
CCB,0.22,0.22,1.24,0.021,0.008,0.03,0.05,0.017,0.01,0.005,0.005,0.0116,0,0.0017,400,244,575
CCB,0.22,0.22,1.24,0.021,0.008,0.03,0.05,0.017,0.01,0.005,0.005,0.0116,0,0.0017,450,224,500
CCB,0.22,0.22,1.24,0.021,0.008,0.03,0.05,0.017,0.01,0.005,0.005,0.0116,0,0.0017,500,209,428
CCB,0.22,0.22,1.24,0.021,0.008,0.03,0.05,0.017,0.01,0.005,0.005,0.0116,0,0.0017,550,200,328
